player,player_url,flag_url
AJ Lawson,https://ak-static.cms.nba.com/wp-content/uploads/headshots/nba/latest/260x190/1630639.png,https://www.worldometers.info//img/flags/small/tn_ca-flag.gif
AJ Green,https://ak-static.cms.nba.com/wp-content/uploads/headshots/nba/latest/260x190/1631260.png,https://www.worldometers.info//img/flags/small/tn_us-flag.gif
AJ Griffin,https://ak-static.cms.nba.com/wp-content/uploads/headshots/nba/latest/260x190/1631100.png,https://www.worldometers.info//img/flags/small/tn_us-flag.gif
Aaron Gordon,https://ak-static.cms.nba.com/wp-content/uploads/headshots/nba/latest/260x190/203932.png,https://www.worldometers.info//img/flags/small/tn_us-flag.gif
Aaron Holiday,https://ak-static.cms.nba.com/wp-content/uploads/headshots/nba/latest/260x190/1628988.png,https://www.worldometers.info//img/flags/small/tn_us-flag.gif
Aaron Nesmith,https://ak-static.cms.nba.com/wp-content/uploads/headshots/nba/latest/260x190/1630174.png,https://www.worldometers.info//img/flags/small/tn_us-flag.gif
Aaron Wiggins,https://ak-static.cms.nba.com/wp-content/uploads/headshots/nba/latest/260x190/1630598.png,https://www.worldometers.info//img/flags/small/tn_us-flag.gif
Admiral Schofield,https://ak-static.cms.nba.com/wp-content/uploads/headshots/nba/latest/260x190/1629678.png,
Al Horford,https://ak-static.cms.nba.com/wp-content/uploads/headshots/nba/latest/260x190/201143.png,
Alec Burks,https://ak-static.cms.nba.com/wp-content/uploads/headshots/nba/latest/260x190/202692.png,https://www.worldometers.info//img/flags/small/tn_us-flag.gif
Aleksej Pokusevski,https://ak-static.cms.nba.com/wp-content/uploads/headshots/nba/latest/260x190/1630197.png,https://www.worldometers.info//img/flags/small/tn_ri-flag.gif
Alex Caruso,https://ak-static.cms.nba.com/wp-content/uploads/headshots/nba/latest/260x190/1627936.png,https://www.worldometers.info//img/flags/small/tn_us-flag.gif
Alex Len,https://ak-static.cms.nba.com/wp-content/uploads/headshots/nba/latest/260x190/203458.png,https://www.worldometers.info//img/flags/small/tn_up-flag.gif
Alondes Williams,https://ak-static.cms.nba.com/wp-content/uploads/headshots/nba/latest/260x190/1631214.png,https://www.worldometers.info//img/flags/small/tn_us-flag.gif
Alperen Sengun,https://ak-static.cms.nba.com/wp-content/uploads/headshots/nba/latest/260x190/1630578.png,https://www.worldometers.info//img/flags/small/tn_tu-flag.gif
Amir Coffey,https://ak-static.cms.nba.com/wp-content/uploads/headshots/nba/latest/260x190/1629599.png,https://www.worldometers.info//img/flags/small/tn_us-flag.gif
Andre Drummond,https://ak-static.cms.nba.com/wp-content/uploads/headshots/nba/latest/260x190/203083.png,https://www.worldometers.info//img/flags/small/tn_us-flag.gif
Andrew Nembhard,https://ak-static.cms.nba.com/wp-content/uploads/headshots/nba/latest/260x190/1629614.png,https://www.worldometers.info//img/flags/small/tn_ca-flag.gif
Andrew Wiggins,https://ak-static.cms.nba.com/wp-content/uploads/headshots/nba/latest/260x190/203952.png,https://www.worldometers.info//img/flags/small/tn_ca-flag.gif
Anfernee Simons,https://ak-static.cms.nba.com/wp-content/uploads/headshots/nba/latest/260x190/1629014.png,https://www.worldometers.info//img/flags/small/tn_us-flag.gif
Anthony Davis,https://ak-static.cms.nba.com/wp-content/uploads/headshots/nba/latest/260x190/203076.png,https://www.worldometers.info//img/flags/small/tn_us-flag.gif
Anthony Edwards,https://ak-static.cms.nba.com/wp-content/uploads/headshots/nba/latest/260x190/1630162.png,https://www.worldometers.info//img/flags/small/tn_us-flag.gif
Anthony Gill,https://ak-static.cms.nba.com/wp-content/uploads/headshots/nba/latest/260x190/1630264.png,https://www.worldometers.info//img/flags/small/tn_us-flag.gif
Armoni Brooks,https://ak-static.cms.nba.com/wp-content/uploads/headshots/nba/latest/260x190/1629717.png,https://www.worldometers.info//img/flags/small/tn_us-flag.gif
Austin Reaves,https://ak-static.cms.nba.com/wp-content/uploads/headshots/nba/latest/260x190/1630559.png,https://www.worldometers.info//img/flags/small/tn_us-flag.gif
Ayo Dosunmu,https://ak-static.cms.nba.com/wp-content/uploads/headshots/nba/latest/260x190/1630245.png,https://www.worldometers.info//img/flags/small/tn_us-flag.gif
Bam Adebayo,https://ak-static.cms.nba.com/wp-content/uploads/headshots/nba/latest/260x190/1628389.png,https://www.worldometers.info//img/flags/small/tn_us-flag.gif
Ben Simmons,https://ak-static.cms.nba.com/wp-content/uploads/headshots/nba/latest/260x190/1627732.png,https://www.worldometers.info//img/flags/small/tn_as-flag.gif
Bennedict Mathurin,https://ak-static.cms.nba.com/wp-content/uploads/headshots/nba/latest/260x190/1631097.png,https://www.worldometers.info//img/flags/small/tn_ca-flag.gif
Bismack Biyombo,https://ak-static.cms.nba.com/wp-content/uploads/headshots/nba/latest/260x190/202687.png,
Blake Wesley,https://ak-static.cms.nba.com/wp-content/uploads/headshots/nba/latest/260x190/1631104.png,https://www.worldometers.info//img/flags/small/tn_us-flag.gif
Boban Marjanovic,https://ak-static.cms.nba.com/wp-content/uploads/headshots/nba/latest/260x190/1626246.png,https://www.worldometers.info//img/flags/small/tn_ri-flag.gif
Bobby Portis,https://ak-static.cms.nba.com/wp-content/uploads/headshots/nba/latest/260x190/1626171.png,https://www.worldometers.info//img/flags/small/tn_us-flag.gif
Bogdan Bogdanovic,https://ak-static.cms.nba.com/wp-content/uploads/headshots/nba/latest/260x190/203992.png,https://www.worldometers.info//img/flags/small/tn_ri-flag.gif
Bojan Bogdanovic,https://ak-static.cms.nba.com/wp-content/uploads/headshots/nba/latest/260x190/202711.png,https://www.worldometers.info//img/flags/small/tn_hr-flag.gif
Bol Bol,https://ak-static.cms.nba.com/wp-content/uploads/headshots/nba/latest/260x190/1629626.png,
Bones Hyland,https://ak-static.cms.nba.com/wp-content/uploads/headshots/nba/latest/260x190/1630538.png,https://www.worldometers.info//img/flags/small/tn_us-flag.gif
Bradley Beal,https://ak-static.cms.nba.com/wp-content/uploads/headshots/nba/latest/260x190/203078.png,https://www.worldometers.info//img/flags/small/tn_us-flag.gif
Brandon Boston Jr,https://ak-static.cms.nba.com/wp-content/uploads/headshots/nba/latest/260x190/1630527.png,https://www.worldometers.info//img/flags/small/tn_us-flag.gif
Brandon Clarke,https://ak-static.cms.nba.com/wp-content/uploads/headshots/nba/latest/260x190/1629634.png,https://www.worldometers.info//img/flags/small/tn_ca-flag.gif
Brandon Ingram,https://ak-static.cms.nba.com/wp-content/uploads/headshots/nba/latest/260x190/1627742.png,https://www.worldometers.info//img/flags/small/tn_us-flag.gif
Brandon Williams,https://ak-static.cms.nba.com/wp-content/uploads/headshots/nba/latest/260x190/1630314.png,https://www.worldometers.info//img/flags/small/tn_us-flag.gif
Braxton Key,https://ak-static.cms.nba.com/wp-content/uploads/headshots/nba/latest/260x190/1630296.png,https://www.worldometers.info//img/flags/small/tn_us-flag.gif
Brook Lopez,https://ak-static.cms.nba.com/wp-content/uploads/headshots/nba/latest/260x190/201572.png,https://www.worldometers.info//img/flags/small/tn_us-flag.gif
Bruce Brown,https://ak-static.cms.nba.com/wp-content/uploads/headshots/nba/latest/260x190/1628971.png,https://www.worldometers.info//img/flags/small/tn_us-flag.gif
Bruno Fernando,https://ak-static.cms.nba.com/wp-content/uploads/headshots/nba/latest/260x190/1628981.png,https://www.worldometers.info//img/flags/small/tn_ao-flag.gif
Bryce McGowens,https://ak-static.cms.nba.com/wp-content/uploads/headshots/nba/latest/260x190/1631121.png,https://www.worldometers.info//img/flags/small/tn_us-flag.gif
Buddy Boeheim,https://ak-static.cms.nba.com/wp-content/uploads/headshots/nba/latest/260x190/1631205.png,https://www.worldometers.info//img/flags/small/tn_us-flag.gif
Buddy Hield,https://ak-static.cms.nba.com/wp-content/uploads/headshots/nba/latest/260x190/1627741.png,
CJ McCollum,https://ak-static.cms.nba.com/wp-content/uploads/headshots/nba/latest/260x190/203468.png,https://www.worldometers.info//img/flags/small/tn_us-flag.gif
Cade Cunningham,https://ak-static.cms.nba.com/wp-content/uploads/headshots/nba/latest/260x190/1630595.png,https://www.worldometers.info//img/flags/small/tn_us-flag.gif
Caleb Houstan,https://ak-static.cms.nba.com/wp-content/uploads/headshots/nba/latest/260x190/1631216.png,https://www.worldometers.info//img/flags/small/tn_ca-flag.gif
Caleb Martin,https://ak-static.cms.nba.com/wp-content/uploads/headshots/nba/latest/260x190/1628997.png,https://www.worldometers.info//img/flags/small/tn_us-flag.gif
Cam Reddish,https://ak-static.cms.nba.com/wp-content/uploads/headshots/nba/latest/260x190/1629629.png,https://www.worldometers.info//img/flags/small/tn_us-flag.gif
Cam Thomas,https://ak-static.cms.nba.com/wp-content/uploads/headshots/nba/latest/260x190/1630560.png,https://www.worldometers.info//img/flags/small/tn_ja-flag.gif
Cameron Johnson,https://ak-static.cms.nba.com/wp-content/uploads/headshots/nba/latest/260x190/1629661.png,https://www.worldometers.info//img/flags/small/tn_us-flag.gif
Cameron Payne,https://ak-static.cms.nba.com/wp-content/uploads/headshots/nba/latest/260x190/1626166.png,https://www.worldometers.info//img/flags/small/tn_us-flag.gif
Caris LeVert,https://ak-static.cms.nba.com/wp-content/uploads/headshots/nba/latest/260x190/1627747.png,https://www.worldometers.info//img/flags/small/tn_us-flag.gif
Cedi Osman,https://ak-static.cms.nba.com/wp-content/uploads/headshots/nba/latest/260x190/1626224.png,https://www.worldometers.info//img/flags/small/tn_tu-flag.gif
Charles Bassey,https://ak-static.cms.nba.com/wp-content/uploads/headshots/nba/latest/260x190/1629646.png,https://www.worldometers.info//img/flags/small/tn_ni-flag.gif
Charlie Brown Jr,https://ak-static.cms.nba.com/wp-content/uploads/headshots/nba/latest/260x190/1629718.png,https://www.worldometers.info//img/flags/small/tn_us-flag.gif
Chimezie Metu,https://ak-static.cms.nba.com/wp-content/uploads/headshots/nba/latest/260x190/1629002.png,https://www.worldometers.info//img/flags/small/tn_us-flag.gif
Chris Boucher,https://ak-static.cms.nba.com/wp-content/uploads/headshots/nba/latest/260x190/1628449.png,https://www.worldometers.info//img/flags/small/tn_st-flag.gif
Chris Duarte,https://ak-static.cms.nba.com/wp-content/uploads/headshots/nba/latest/260x190/1630537.png,
Chris Paul,https://ak-static.cms.nba.com/wp-content/uploads/headshots/nba/latest/260x190/101108.png,https://www.worldometers.info//img/flags/small/tn_us-flag.gif
Christian Braun,https://ak-static.cms.nba.com/wp-content/uploads/headshots/nba/latest/260x190/1631128.png,https://www.worldometers.info//img/flags/small/tn_us-flag.gif
Christian Wood,https://ak-static.cms.nba.com/wp-content/uploads/headshots/nba/latest/260x190/1626174.png,https://www.worldometers.info//img/flags/small/tn_us-flag.gif
Chuma Okeke,https://ak-static.cms.nba.com/wp-content/uploads/headshots/nba/latest/260x190/1629643.png,https://www.worldometers.info//img/flags/small/tn_us-flag.gif
Clint Capela,https://ak-static.cms.nba.com/wp-content/uploads/headshots/nba/latest/260x190/203991.png,https://www.worldometers.info//img/flags/small/tn_sz-flag.gif
Coby White,https://ak-static.cms.nba.com/wp-content/uploads/headshots/nba/latest/260x190/1629632.png,https://www.worldometers.info//img/flags/small/tn_us-flag.gif
Cody Martin,https://ak-static.cms.nba.com/wp-content/uploads/headshots/nba/latest/260x190/1628998.png,https://www.worldometers.info//img/flags/small/tn_us-flag.gif
Cody Zeller,https://ak-static.cms.nba.com/wp-content/uploads/headshots/nba/latest/260x190/203469.png,https://www.worldometers.info//img/flags/small/tn_us-flag.gif
Cole Anthony,https://ak-static.cms.nba.com/wp-content/uploads/headshots/nba/latest/260x190/1630175.png,https://www.worldometers.info//img/flags/small/tn_us-flag.gif
Cole Swider,https://ak-static.cms.nba.com/wp-content/uploads/headshots/nba/latest/260x190/1631306.png,https://www.worldometers.info//img/flags/small/tn_us-flag.gif
Collin Sexton,https://ak-static.cms.nba.com/wp-content/uploads/headshots/nba/latest/260x190/1629012.png,https://www.worldometers.info//img/flags/small/tn_us-flag.gif
Corey Kispert,https://ak-static.cms.nba.com/wp-content/uploads/headshots/nba/latest/260x190/1630557.png,https://www.worldometers.info//img/flags/small/tn_us-flag.gif
Cory Joseph,https://ak-static.cms.nba.com/wp-content/uploads/headshots/nba/latest/260x190/202709.png,https://www.worldometers.info//img/flags/small/tn_ca-flag.gif
DAngelo Russell,https://ak-static.cms.nba.com/wp-content/uploads/headshots/nba/latest/260x190/1626156.png,https://www.worldometers.info//img/flags/small/tn_us-flag.gif
DJ Wilson,https://ak-static.cms.nba.com/wp-content/uploads/headshots/nba/latest/260x190/1628391.png,https://www.worldometers.info//img/flags/small/tn_us-flag.gif
DaQuan Jeffries,https://ak-static.cms.nba.com/wp-content/uploads/headshots/nba/latest/260x190/1629610.png,https://www.worldometers.info//img/flags/small/tn_us-flag.gif
Daishen Nix,https://ak-static.cms.nba.com/wp-content/uploads/headshots/nba/latest/260x190/1630227.png,https://www.worldometers.info//img/flags/small/tn_us-flag.gif
Dalano Banton,https://ak-static.cms.nba.com/wp-content/uploads/headshots/nba/latest/260x190/1630625.png,https://www.worldometers.info//img/flags/small/tn_ca-flag.gif
Dalen Terry,https://ak-static.cms.nba.com/wp-content/uploads/headshots/nba/latest/260x190/1631207.png,https://www.worldometers.info//img/flags/small/tn_us-flag.gif
Damian Jones,https://ak-static.cms.nba.com/wp-content/uploads/headshots/nba/latest/260x190/1627745.png,https://www.worldometers.info//img/flags/small/tn_us-flag.gif
Damian Lillard,https://ak-static.cms.nba.com/wp-content/uploads/headshots/nba/latest/260x190/203081.png,https://www.worldometers.info//img/flags/small/tn_us-flag.gif
Daniel Gafford,https://ak-static.cms.nba.com/wp-content/uploads/headshots/nba/latest/260x190/1629655.png,https://www.worldometers.info//img/flags/small/tn_us-flag.gif
Daniel Theis,https://ak-static.cms.nba.com/wp-content/uploads/headshots/nba/latest/260x190/1628464.png,https://www.worldometers.info//img/flags/small/tn_gm-flag.gif
Danilo Gallinari,https://ak-static.cms.nba.com/wp-content/uploads/headshots/nba/latest/260x190/201568.png,https://www.worldometers.info//img/flags/small/tn_it-flag.gif
Danny Green,https://ak-static.cms.nba.com/wp-content/uploads/headshots/nba/latest/260x190/201980.png,https://www.worldometers.info//img/flags/small/tn_us-flag.gif
Danuel House Jr,https://ak-static.cms.nba.com/wp-content/uploads/headshots/nba/latest/260x190/1627863.png,https://www.worldometers.info//img/flags/small/tn_us-flag.gif
Dario Saric,https://ak-static.cms.nba.com/wp-content/uploads/headshots/nba/latest/260x190/203967.png,https://www.worldometers.info//img/flags/small/tn_hr-flag.gif
Darius Bazley,https://ak-static.cms.nba.com/wp-content/uploads/headshots/nba/latest/260x190/1629647.png,https://www.worldometers.info//img/flags/small/tn_us-flag.gif
Darius Garland,https://ak-static.cms.nba.com/wp-content/uploads/headshots/nba/latest/260x190/1629636.png,https://www.worldometers.info//img/flags/small/tn_us-flag.gif
David Duke Jr,https://ak-static.cms.nba.com/wp-content/uploads/headshots/nba/latest/260x190/1630561.png,https://www.worldometers.info//img/flags/small/tn_us-flag.gif
David Roddy,https://ak-static.cms.nba.com/wp-content/uploads/headshots/nba/latest/260x190/1631223.png,https://www.worldometers.info//img/flags/small/tn_us-flag.gif
Davion Mitchell,https://ak-static.cms.nba.com/wp-content/uploads/headshots/nba/latest/260x190/1630558.png,https://www.worldometers.info//img/flags/small/tn_us-flag.gif
Davis Bertans,https://ak-static.cms.nba.com/wp-content/uploads/headshots/nba/latest/260x190/202722.png,https://www.worldometers.info//img/flags/small/tn_lg-flag.gif
DayRon Sharpe,https://ak-static.cms.nba.com/wp-content/uploads/headshots/nba/latest/260x190/1630549.png,https://www.worldometers.info//img/flags/small/tn_us-flag.gif
DeAaron Fox,https://ak-static.cms.nba.com/wp-content/uploads/headshots/nba/latest/260x190/1628368.png,https://www.worldometers.info//img/flags/small/tn_us-flag.gif
DeAndre Hunter,https://ak-static.cms.nba.com/wp-content/uploads/headshots/nba/latest/260x190/1629631.png,https://www.worldometers.info//img/flags/small/tn_us-flag.gif
DeAnthony Melton,https://ak-static.cms.nba.com/wp-content/uploads/headshots/nba/latest/260x190/1629001.png,https://www.worldometers.info//img/flags/small/tn_us-flag.gif
DeAndre Jordan,https://ak-static.cms.nba.com/wp-content/uploads/headshots/nba/latest/260x190/201599.png,https://www.worldometers.info//img/flags/small/tn_us-flag.gif
DeJon Jarreau,https://ak-static.cms.nba.com/wp-content/uploads/headshots/nba/latest/260x190/1630610.png,https://www.worldometers.info//img/flags/small/tn_us-flag.gif
DeMar DeRozan,https://ak-static.cms.nba.com/wp-content/uploads/headshots/nba/latest/260x190/201942.png,https://www.worldometers.info//img/flags/small/tn_us-flag.gif
Dean Wade,https://ak-static.cms.nba.com/wp-content/uploads/headshots/nba/latest/260x190/1629731.png,https://www.worldometers.info//img/flags/small/tn_us-flag.gif
Deandre Ayton,https://ak-static.cms.nba.com/wp-content/uploads/headshots/nba/latest/260x190/1629028.png,
Dejounte Murray,https://ak-static.cms.nba.com/wp-content/uploads/headshots/nba/latest/260x190/1627749.png,https://www.worldometers.info//img/flags/small/tn_us-flag.gif
Delon Wright,https://ak-static.cms.nba.com/wp-content/uploads/headshots/nba/latest/260x190/1626153.png,https://www.worldometers.info//img/flags/small/tn_us-flag.gif
Deni Avdija,https://ak-static.cms.nba.com/wp-content/uploads/headshots/nba/latest/260x190/1630166.png,https://www.worldometers.info//img/flags/small/tn_is-flag.gif
Dennis Schroder,https://ak-static.cms.nba.com/wp-content/uploads/headshots/nba/latest/260x190/203471.png,https://www.worldometers.info//img/flags/small/tn_gm-flag.gif
Dennis Smith Jr,https://ak-static.cms.nba.com/wp-content/uploads/headshots/nba/latest/260x190/1628372.png,https://www.worldometers.info//img/flags/small/tn_us-flag.gif
Dereon Seabron,https://ak-static.cms.nba.com/wp-content/uploads/headshots/nba/latest/260x190/1631220.png,https://www.worldometers.info//img/flags/small/tn_us-flag.gif
Derrick Jones Jr,https://ak-static.cms.nba.com/wp-content/uploads/headshots/nba/latest/260x190/1627884.png,https://www.worldometers.info//img/flags/small/tn_us-flag.gif
Derrick Rose,https://ak-static.cms.nba.com/wp-content/uploads/headshots/nba/latest/260x190/201565.png,https://www.worldometers.info//img/flags/small/tn_us-flag.gif
Derrick White,https://ak-static.cms.nba.com/wp-content/uploads/headshots/nba/latest/260x190/1628401.png,https://www.worldometers.info//img/flags/small/tn_us-flag.gif
Desmond Bane,https://ak-static.cms.nba.com/wp-content/uploads/headshots/nba/latest/260x190/1630217.png,https://www.worldometers.info//img/flags/small/tn_us-flag.gif
Devin Booker,https://ak-static.cms.nba.com/wp-content/uploads/headshots/nba/latest/260x190/1626164.png,https://www.worldometers.info//img/flags/small/tn_us-flag.gif
Devin Vassell,https://ak-static.cms.nba.com/wp-content/uploads/headshots/nba/latest/260x190/1630170.png,https://www.worldometers.info//img/flags/small/tn_us-flag.gif
Devonte Graham,https://ak-static.cms.nba.com/wp-content/uploads/headshots/nba/latest/260x190/1628984.png,https://www.worldometers.info//img/flags/small/tn_us-flag.gif
Dillon Brooks,https://ak-static.cms.nba.com/wp-content/uploads/headshots/nba/latest/260x190/1628415.png,https://www.worldometers.info//img/flags/small/tn_ca-flag.gif
Domantas Sabonis,https://ak-static.cms.nba.com/wp-content/uploads/headshots/nba/latest/260x190/1627734.png,https://www.worldometers.info//img/flags/small/tn_lh-flag.gif
Dominick Barlow,https://ak-static.cms.nba.com/wp-content/uploads/headshots/nba/latest/260x190/1631230.png,https://www.worldometers.info//img/flags/small/tn_us-flag.gif
Donovan Mitchell,https://ak-static.cms.nba.com/wp-content/uploads/headshots/nba/latest/260x190/1628378.png,https://www.worldometers.info//img/flags/small/tn_us-flag.gif
Donte DiVincenzo,https://ak-static.cms.nba.com/wp-content/uploads/headshots/nba/latest/260x190/1628978.png,https://www.worldometers.info//img/flags/small/tn_us-flag.gif
Dorian FinneySmith,https://ak-static.cms.nba.com/wp-content/uploads/headshots/nba/latest/260x190/1627827.png,https://www.worldometers.info//img/flags/small/tn_us-flag.gif
Doug McDermott,https://ak-static.cms.nba.com/wp-content/uploads/headshots/nba/latest/260x190/203926.png,https://www.worldometers.info//img/flags/small/tn_us-flag.gif
Draymond Green,https://ak-static.cms.nba.com/wp-content/uploads/headshots/nba/latest/260x190/203110.png,https://www.worldometers.info//img/flags/small/tn_us-flag.gif
Drew Eubanks,https://ak-static.cms.nba.com/wp-content/uploads/headshots/nba/latest/260x190/1629234.png,https://www.worldometers.info//img/flags/small/tn_us-flag.gif
Dru Smith,https://ak-static.cms.nba.com/wp-content/uploads/headshots/nba/latest/260x190/1630696.png,https://www.worldometers.info//img/flags/small/tn_us-flag.gif
Duncan Robinson,https://ak-static.cms.nba.com/wp-content/uploads/headshots/nba/latest/260x190/1629130.png,https://www.worldometers.info//img/flags/small/tn_us-flag.gif
Dwight Powell,https://ak-static.cms.nba.com/wp-content/uploads/headshots/nba/latest/260x190/203939.png,https://www.worldometers.info//img/flags/small/tn_ca-flag.gif
Dylan Windler,https://ak-static.cms.nba.com/wp-content/uploads/headshots/nba/latest/260x190/1629685.png,https://www.worldometers.info//img/flags/small/tn_us-flag.gif
Dyson Daniels,https://ak-static.cms.nba.com/wp-content/uploads/headshots/nba/latest/260x190/1630700.png,https://www.worldometers.info//img/flags/small/tn_as-flag.gif
Eric Gordon,https://ak-static.cms.nba.com/wp-content/uploads/headshots/nba/latest/260x190/201569.png,https://www.worldometers.info//img/flags/small/tn_us-flag.gif
Eugene Omoruyi,https://ak-static.cms.nba.com/wp-content/uploads/headshots/nba/latest/260x190/1630647.png,https://www.worldometers.info//img/flags/small/tn_ni-flag.gif
Evan Fournier,https://ak-static.cms.nba.com/wp-content/uploads/headshots/nba/latest/260x190/203095.png,https://www.worldometers.info//img/flags/small/tn_fr-flag.gif
Evan Mobley,https://ak-static.cms.nba.com/wp-content/uploads/headshots/nba/latest/260x190/1630596.png,https://www.worldometers.info//img/flags/small/tn_us-flag.gif
Frank Ntilikina,https://ak-static.cms.nba.com/wp-content/uploads/headshots/nba/latest/260x190/1628373.png,https://www.worldometers.info//img/flags/small/tn_fr-flag.gif
Franz Wagner,https://ak-static.cms.nba.com/wp-content/uploads/headshots/nba/latest/260x190/1630532.png,https://www.worldometers.info//img/flags/small/tn_gm-flag.gif
Fred VanVleet,https://ak-static.cms.nba.com/wp-content/uploads/headshots/nba/latest/260x190/1627832.png,https://www.worldometers.info//img/flags/small/tn_us-flag.gif
Furkan Korkmaz,https://ak-static.cms.nba.com/wp-content/uploads/headshots/nba/latest/260x190/1627788.png,https://www.worldometers.info//img/flags/small/tn_tu-flag.gif
Gabe Vincent,https://ak-static.cms.nba.com/wp-content/uploads/headshots/nba/latest/260x190/1629216.png,https://www.worldometers.info//img/flags/small/tn_us-flag.gif
Garrett Temple,https://ak-static.cms.nba.com/wp-content/uploads/headshots/nba/latest/260x190/202066.png,https://www.worldometers.info//img/flags/small/tn_us-flag.gif
Garrison Mathews,https://ak-static.cms.nba.com/wp-content/uploads/headshots/nba/latest/260x190/1629726.png,https://www.worldometers.info//img/flags/small/tn_us-flag.gif
Gary Harris,https://ak-static.cms.nba.com/wp-content/uploads/headshots/nba/latest/260x190/203914.png,https://www.worldometers.info//img/flags/small/tn_us-flag.gif
Gary Payton II,https://ak-static.cms.nba.com/wp-content/uploads/headshots/nba/latest/260x190/1627780.png,https://www.worldometers.info//img/flags/small/tn_us-flag.gif
Gary Trent Jr,https://ak-static.cms.nba.com/wp-content/uploads/headshots/nba/latest/260x190/1629018.png,https://www.worldometers.info//img/flags/small/tn_us-flag.gif
Georges Niang,https://ak-static.cms.nba.com/wp-content/uploads/headshots/nba/latest/260x190/1627777.png,https://www.worldometers.info//img/flags/small/tn_us-flag.gif
Giannis Antetokounmpo,https://ak-static.cms.nba.com/wp-content/uploads/headshots/nba/latest/260x190/203507.png,https://www.worldometers.info//img/flags/small/tn_gr-flag.gif
Goga Bitadze,https://ak-static.cms.nba.com/wp-content/uploads/headshots/nba/latest/260x190/1629048.png,https://www.worldometers.info//img/flags/small/tn_gg-flag.gif
Gordon Hayward,https://ak-static.cms.nba.com/wp-content/uploads/headshots/nba/latest/260x190/202330.png,https://www.worldometers.info//img/flags/small/tn_us-flag.gif
Grant Williams,https://ak-static.cms.nba.com/wp-content/uploads/headshots/nba/latest/260x190/1629684.png,https://www.worldometers.info//img/flags/small/tn_us-flag.gif
Grayson Allen,https://ak-static.cms.nba.com/wp-content/uploads/headshots/nba/latest/260x190/1628960.png,https://www.worldometers.info//img/flags/small/tn_us-flag.gif
Greg Brown III,https://ak-static.cms.nba.com/wp-content/uploads/headshots/nba/latest/260x190/1630535.png,https://www.worldometers.info//img/flags/small/tn_us-flag.gif
Hamidou Diallo,https://ak-static.cms.nba.com/wp-content/uploads/headshots/nba/latest/260x190/1628977.png,https://www.worldometers.info//img/flags/small/tn_us-flag.gif
Harrison Barnes,https://ak-static.cms.nba.com/wp-content/uploads/headshots/nba/latest/260x190/203084.png,https://www.worldometers.info//img/flags/small/tn_us-flag.gif
Haywood Highsmith,https://ak-static.cms.nba.com/wp-content/uploads/headshots/nba/latest/260x190/1629312.png,https://www.worldometers.info//img/flags/small/tn_us-flag.gif
Herbert Jones,https://ak-static.cms.nba.com/wp-content/uploads/headshots/nba/latest/260x190/1630529.png,https://www.worldometers.info//img/flags/small/tn_us-flag.gif
Immanuel Quickley,https://ak-static.cms.nba.com/wp-content/uploads/headshots/nba/latest/260x190/1630193.png,https://www.worldometers.info//img/flags/small/tn_us-flag.gif
Isaac Okoro,https://ak-static.cms.nba.com/wp-content/uploads/headshots/nba/latest/260x190/1630171.png,https://www.worldometers.info//img/flags/small/tn_us-flag.gif
Isaiah Hartenstein,https://ak-static.cms.nba.com/wp-content/uploads/headshots/nba/latest/260x190/1628392.png,https://www.worldometers.info//img/flags/small/tn_gm-flag.gif
Isaiah Jackson,https://ak-static.cms.nba.com/wp-content/uploads/headshots/nba/latest/260x190/1630543.png,https://www.worldometers.info//img/flags/small/tn_us-flag.gif
Isaiah Joe,https://ak-static.cms.nba.com/wp-content/uploads/headshots/nba/latest/260x190/1630198.png,https://www.worldometers.info//img/flags/small/tn_us-flag.gif
Isaiah Livers,https://ak-static.cms.nba.com/wp-content/uploads/headshots/nba/latest/260x190/1630587.png,https://www.worldometers.info//img/flags/small/tn_us-flag.gif
Isaiah Mobley,https://ak-static.cms.nba.com/wp-content/uploads/headshots/nba/latest/260x190/1630600.png,https://www.worldometers.info//img/flags/small/tn_us-flag.gif
Isaiah Stewart,https://ak-static.cms.nba.com/wp-content/uploads/headshots/nba/latest/260x190/1630191.png,https://www.worldometers.info//img/flags/small/tn_us-flag.gif
Isaiah Thomas,https://ak-static.cms.nba.com/wp-content/uploads/headshots/nba/latest/260x190/202738.png,https://www.worldometers.info//img/flags/small/tn_us-flag.gif
Ish Smith,https://ak-static.cms.nba.com/wp-content/uploads/headshots/nba/latest/260x190/202397.png,https://www.worldometers.info//img/flags/small/tn_us-flag.gif
Ish Wainright,https://ak-static.cms.nba.com/wp-content/uploads/headshots/nba/latest/260x190/1630688.png,https://www.worldometers.info//img/flags/small/tn_us-flag.gif
Ivica Zubac,https://ak-static.cms.nba.com/wp-content/uploads/headshots/nba/latest/260x190/1627826.png,https://www.worldometers.info//img/flags/small/tn_hr-flag.gif
JD Davison,https://ak-static.cms.nba.com/wp-content/uploads/headshots/nba/latest/260x190/1631120.png,https://www.worldometers.info//img/flags/small/tn_us-flag.gif
JT Thor,https://ak-static.cms.nba.com/wp-content/uploads/headshots/nba/latest/260x190/1630550.png,https://www.worldometers.info//img/flags/small/tn_us-flag.gif
Ja Morant,https://ak-static.cms.nba.com/wp-content/uploads/headshots/nba/latest/260x190/1629630.png,https://www.worldometers.info//img/flags/small/tn_us-flag.gif
JaVale McGee,https://ak-static.cms.nba.com/wp-content/uploads/headshots/nba/latest/260x190/201580.png,https://www.worldometers.info//img/flags/small/tn_us-flag.gif
Jabari Smith Jr,https://ak-static.cms.nba.com/wp-content/uploads/headshots/nba/latest/260x190/1631095.png,https://www.worldometers.info//img/flags/small/tn_us-flag.gif
Jabari Walker,https://ak-static.cms.nba.com/wp-content/uploads/headshots/nba/latest/260x190/1631133.png,https://www.worldometers.info//img/flags/small/tn_us-flag.gif
Jack White,https://ak-static.cms.nba.com/wp-content/uploads/headshots/nba/latest/260x190/1631298.png,https://www.worldometers.info//img/flags/small/tn_as-flag.gif
Jacob Gilyard,https://ak-static.cms.nba.com/wp-content/uploads/headshots/nba/latest/260x190/1631367.png,https://www.worldometers.info//img/flags/small/tn_us-flag.gif
Jaden Hardy,https://ak-static.cms.nba.com/wp-content/uploads/headshots/nba/latest/260x190/1630702.png,https://www.worldometers.info//img/flags/small/tn_us-flag.gif
Jaden Ivey,https://ak-static.cms.nba.com/wp-content/uploads/headshots/nba/latest/260x190/1631093.png,https://www.worldometers.info//img/flags/small/tn_us-flag.gif
Jaden McDaniels,https://ak-static.cms.nba.com/wp-content/uploads/headshots/nba/latest/260x190/1630183.png,https://www.worldometers.info//img/flags/small/tn_us-flag.gif
Jaden Springer,https://ak-static.cms.nba.com/wp-content/uploads/headshots/nba/latest/260x190/1630531.png,https://www.worldometers.info//img/flags/small/tn_us-flag.gif
Jae Crowder,https://ak-static.cms.nba.com/wp-content/uploads/headshots/nba/latest/260x190/203109.png,https://www.worldometers.info//img/flags/small/tn_us-flag.gif
JaeSean Tate,https://ak-static.cms.nba.com/wp-content/uploads/headshots/nba/latest/260x190/1630256.png,https://www.worldometers.info//img/flags/small/tn_us-flag.gif
Jahmius Ramsey,https://ak-static.cms.nba.com/wp-content/uploads/headshots/nba/latest/260x190/1630186.png,https://www.worldometers.info//img/flags/small/tn_us-flag.gif
Jake LaRavia,https://ak-static.cms.nba.com/wp-content/uploads/headshots/nba/latest/260x190/1631222.png,https://www.worldometers.info//img/flags/small/tn_us-flag.gif
Jakob Poeltl,https://ak-static.cms.nba.com/wp-content/uploads/headshots/nba/latest/260x190/1627751.png,https://www.worldometers.info//img/flags/small/tn_au-flag.gif
Jalen Brunson,https://ak-static.cms.nba.com/wp-content/uploads/headshots/nba/latest/260x190/1628973.png,https://www.worldometers.info//img/flags/small/tn_us-flag.gif
Jalen Duren,https://ak-static.cms.nba.com/wp-content/uploads/headshots/nba/latest/260x190/1631105.png,https://www.worldometers.info//img/flags/small/tn_us-flag.gif
Jalen Green,https://ak-static.cms.nba.com/wp-content/uploads/headshots/nba/latest/260x190/1630224.png,https://www.worldometers.info//img/flags/small/tn_us-flag.gif
Jalen Johnson,https://ak-static.cms.nba.com/wp-content/uploads/headshots/nba/latest/260x190/1630552.png,https://www.worldometers.info//img/flags/small/tn_us-flag.gif
Jalen McDaniels,https://ak-static.cms.nba.com/wp-content/uploads/headshots/nba/latest/260x190/1629667.png,https://www.worldometers.info//img/flags/small/tn_us-flag.gif
Jalen Smith,https://ak-static.cms.nba.com/wp-content/uploads/headshots/nba/latest/260x190/1630188.png,https://www.worldometers.info//img/flags/small/tn_us-flag.gif
Jalen Suggs,https://ak-static.cms.nba.com/wp-content/uploads/headshots/nba/latest/260x190/1630591.png,https://www.worldometers.info//img/flags/small/tn_us-flag.gif
Jalen Williams,https://ak-static.cms.nba.com/wp-content/uploads/headshots/nba/latest/260x190/1631114.png,https://www.worldometers.info//img/flags/small/tn_us-flag.gif
Jamal Cain,https://ak-static.cms.nba.com/wp-content/uploads/headshots/nba/latest/260x190/1631288.png,https://www.worldometers.info//img/flags/small/tn_us-flag.gif
Jamal Murray,https://ak-static.cms.nba.com/wp-content/uploads/headshots/nba/latest/260x190/1627750.png,https://www.worldometers.info//img/flags/small/tn_ca-flag.gif
Jamaree Bouyea,https://ak-static.cms.nba.com/wp-content/uploads/headshots/nba/latest/260x190/1631123.png,https://www.worldometers.info//img/flags/small/tn_us-flag.gif
James Bouknight,https://ak-static.cms.nba.com/wp-content/uploads/headshots/nba/latest/260x190/1630547.png,https://www.worldometers.info//img/flags/small/tn_us-flag.gif
James Harden,https://ak-static.cms.nba.com/wp-content/uploads/headshots/nba/latest/260x190/201935.png,https://www.worldometers.info//img/flags/small/tn_us-flag.gif
James Johnson,https://ak-static.cms.nba.com/wp-content/uploads/headshots/nba/latest/260x190/201949.png,https://www.worldometers.info//img/flags/small/tn_us-flag.gif
James Wiseman,https://ak-static.cms.nba.com/wp-content/uploads/headshots/nba/latest/260x190/1630164.png,https://www.worldometers.info//img/flags/small/tn_us-flag.gif
Jared Butler,https://ak-static.cms.nba.com/wp-content/uploads/headshots/nba/latest/260x190/1630215.png,https://www.worldometers.info//img/flags/small/tn_us-flag.gif
Jared Rhoden,https://ak-static.cms.nba.com/wp-content/uploads/headshots/nba/latest/260x190/1631197.png,https://www.worldometers.info//img/flags/small/tn_us-flag.gif
Jaren Jackson Jr,https://ak-static.cms.nba.com/wp-content/uploads/headshots/nba/latest/260x190/1628991.png,https://www.worldometers.info//img/flags/small/tn_us-flag.gif
Jarred Vanderbilt,https://ak-static.cms.nba.com/wp-content/uploads/headshots/nba/latest/260x190/1629020.png,https://www.worldometers.info//img/flags/small/tn_us-flag.gif
Jarrett Allen,https://ak-static.cms.nba.com/wp-content/uploads/headshots/nba/latest/260x190/1628386.png,https://www.worldometers.info//img/flags/small/tn_us-flag.gif
Jason Preston,https://ak-static.cms.nba.com/wp-content/uploads/headshots/nba/latest/260x190/1630554.png,https://www.worldometers.info//img/flags/small/tn_us-flag.gif
Javonte Green,https://ak-static.cms.nba.com/wp-content/uploads/headshots/nba/latest/260x190/1629750.png,https://www.worldometers.info//img/flags/small/tn_us-flag.gif
Javonte Smart,https://ak-static.cms.nba.com/wp-content/uploads/headshots/nba/latest/260x190/1630606.png,https://www.worldometers.info//img/flags/small/tn_us-flag.gif
Jaxson Hayes,https://ak-static.cms.nba.com/wp-content/uploads/headshots/nba/latest/260x190/1629637.png,https://www.worldometers.info//img/flags/small/tn_us-flag.gif
Jay Huff,https://ak-static.cms.nba.com/wp-content/uploads/headshots/nba/latest/260x190/1630643.png,https://www.worldometers.info//img/flags/small/tn_us-flag.gif
Jaylen Brown,https://ak-static.cms.nba.com/wp-content/uploads/headshots/nba/latest/260x190/1627759.png,https://www.worldometers.info//img/flags/small/tn_us-flag.gif
Jaylen Nowell,https://ak-static.cms.nba.com/wp-content/uploads/headshots/nba/latest/260x190/1629669.png,https://www.worldometers.info//img/flags/small/tn_us-flag.gif
Jaylin Williams,https://ak-static.cms.nba.com/wp-content/uploads/headshots/nba/latest/260x190/1631119.png,https://www.worldometers.info//img/flags/small/tn_us-flag.gif
Jayson Tatum,https://ak-static.cms.nba.com/wp-content/uploads/headshots/nba/latest/260x190/1628369.png,https://www.worldometers.info//img/flags/small/tn_us-flag.gif
Jeff Dowtin Jr,https://ak-static.cms.nba.com/wp-content/uploads/headshots/nba/latest/260x190/1630288.png,https://www.worldometers.info//img/flags/small/tn_us-flag.gif
Jeff Green,https://ak-static.cms.nba.com/wp-content/uploads/headshots/nba/latest/260x190/201145.png,https://www.worldometers.info//img/flags/small/tn_us-flag.gif
Jerami Grant,https://ak-static.cms.nba.com/wp-content/uploads/headshots/nba/latest/260x190/203924.png,https://www.worldometers.info//img/flags/small/tn_us-flag.gif
Jeremiah RobinsonEarl,https://ak-static.cms.nba.com/wp-content/uploads/headshots/nba/latest/260x190/1630526.png,https://www.worldometers.info//img/flags/small/tn_us-flag.gif
Jeremy Sochan,https://ak-static.cms.nba.com/wp-content/uploads/headshots/nba/latest/260x190/1631110.png,https://www.worldometers.info//img/flags/small/tn_pl-flag.gif
Jericho Sims,https://ak-static.cms.nba.com/wp-content/uploads/headshots/nba/latest/260x190/1630579.png,https://www.worldometers.info//img/flags/small/tn_us-flag.gif
Jevon Carter,https://ak-static.cms.nba.com/wp-content/uploads/headshots/nba/latest/260x190/1628975.png,https://www.worldometers.info//img/flags/small/tn_us-flag.gif
Jimmy Butler,https://ak-static.cms.nba.com/wp-content/uploads/headshots/nba/latest/260x190/202710.png,https://www.worldometers.info//img/flags/small/tn_us-flag.gif
Jock Landale,https://ak-static.cms.nba.com/wp-content/uploads/headshots/nba/latest/260x190/1629111.png,https://www.worldometers.info//img/flags/small/tn_as-flag.gif
Joe Harris,https://ak-static.cms.nba.com/wp-content/uploads/headshots/nba/latest/260x190/203925.png,https://www.worldometers.info//img/flags/small/tn_us-flag.gif
Joe Ingles,https://ak-static.cms.nba.com/wp-content/uploads/headshots/nba/latest/260x190/204060.png,https://www.worldometers.info//img/flags/small/tn_as-flag.gif
Joel Embiid,https://ak-static.cms.nba.com/wp-content/uploads/headshots/nba/latest/260x190/203954.png,https://www.worldometers.info//img/flags/small/tn_cm-flag.gif
John Collins,https://ak-static.cms.nba.com/wp-content/uploads/headshots/nba/latest/260x190/1628381.png,https://www.worldometers.info//img/flags/small/tn_us-flag.gif
John Konchar,https://ak-static.cms.nba.com/wp-content/uploads/headshots/nba/latest/260x190/1629723.png,https://www.worldometers.info//img/flags/small/tn_us-flag.gif
Johnny Davis,https://ak-static.cms.nba.com/wp-content/uploads/headshots/nba/latest/260x190/1631098.png,https://www.worldometers.info//img/flags/small/tn_us-flag.gif
Johnny Juzang,https://ak-static.cms.nba.com/wp-content/uploads/headshots/nba/latest/260x190/1630548.png,https://www.worldometers.info//img/flags/small/tn_us-flag.gif
Jonas Valanciunas,https://ak-static.cms.nba.com/wp-content/uploads/headshots/nba/latest/260x190/202685.png,https://www.worldometers.info//img/flags/small/tn_lh-flag.gif
Jonathan Isaac,https://ak-static.cms.nba.com/wp-content/uploads/headshots/nba/latest/260x190/1628371.png,https://www.worldometers.info//img/flags/small/tn_us-flag.gif
Jonathan Kuminga,https://ak-static.cms.nba.com/wp-content/uploads/headshots/nba/latest/260x190/1630228.png,
Jordan Clarkson,https://ak-static.cms.nba.com/wp-content/uploads/headshots/nba/latest/260x190/203903.png,https://www.worldometers.info//img/flags/small/tn_us-flag.gif
Jordan Goodwin,https://ak-static.cms.nba.com/wp-content/uploads/headshots/nba/latest/260x190/1630692.png,https://www.worldometers.info//img/flags/small/tn_us-flag.gif
Jordan McLaughlin,https://ak-static.cms.nba.com/wp-content/uploads/headshots/nba/latest/260x190/1629162.png,https://www.worldometers.info//img/flags/small/tn_us-flag.gif
Jordan Nwora,https://ak-static.cms.nba.com/wp-content/uploads/headshots/nba/latest/260x190/1629670.png,https://www.worldometers.info//img/flags/small/tn_us-flag.gif
Jordan Poole,https://ak-static.cms.nba.com/wp-content/uploads/headshots/nba/latest/260x190/1629673.png,https://www.worldometers.info//img/flags/small/tn_us-flag.gif
Jose Alvarado,https://ak-static.cms.nba.com/wp-content/uploads/headshots/nba/latest/260x190/1630631.png,https://www.worldometers.info//img/flags/small/tn_us-flag.gif
Josh Giddey,https://ak-static.cms.nba.com/wp-content/uploads/headshots/nba/latest/260x190/1630581.png,https://www.worldometers.info//img/flags/small/tn_as-flag.gif
Josh Green,https://ak-static.cms.nba.com/wp-content/uploads/headshots/nba/latest/260x190/1630182.png,https://www.worldometers.info//img/flags/small/tn_as-flag.gif
Josh Hart,https://ak-static.cms.nba.com/wp-content/uploads/headshots/nba/latest/260x190/1628404.png,https://www.worldometers.info//img/flags/small/tn_us-flag.gif
Josh Minott,https://ak-static.cms.nba.com/wp-content/uploads/headshots/nba/latest/260x190/1631169.png,https://www.worldometers.info//img/flags/small/tn_us-flag.gif
Josh Okogie,https://ak-static.cms.nba.com/wp-content/uploads/headshots/nba/latest/260x190/1629006.png,https://www.worldometers.info//img/flags/small/tn_ni-flag.gif
Josh Richardson,https://ak-static.cms.nba.com/wp-content/uploads/headshots/nba/latest/260x190/1626196.png,https://www.worldometers.info//img/flags/small/tn_us-flag.gif
Joshua Primo,https://ak-static.cms.nba.com/wp-content/uploads/headshots/nba/latest/260x190/1630563.png,https://www.worldometers.info//img/flags/small/tn_ca-flag.gif
Jrue Holiday,https://ak-static.cms.nba.com/wp-content/uploads/headshots/nba/latest/260x190/201950.png,https://www.worldometers.info//img/flags/small/tn_us-flag.gif
Juan ToscanoAnderson,https://ak-static.cms.nba.com/wp-content/uploads/headshots/nba/latest/260x190/1629308.png,https://www.worldometers.info//img/flags/small/tn_us-flag.gif
Julian Champagnie,https://ak-static.cms.nba.com/wp-content/uploads/headshots/nba/latest/260x190/1630577.png,https://www.worldometers.info//img/flags/small/tn_us-flag.gif
Julius Randle,https://ak-static.cms.nba.com/wp-content/uploads/headshots/nba/latest/260x190/203944.png,https://www.worldometers.info//img/flags/small/tn_us-flag.gif
Justin Champagnie,https://ak-static.cms.nba.com/wp-content/uploads/headshots/nba/latest/260x190/1630551.png,https://www.worldometers.info//img/flags/small/tn_us-flag.gif
Justin Holiday,https://ak-static.cms.nba.com/wp-content/uploads/headshots/nba/latest/260x190/203200.png,https://www.worldometers.info//img/flags/small/tn_us-flag.gif
Justin Jackson,https://ak-static.cms.nba.com/wp-content/uploads/headshots/nba/latest/260x190/1628382.png,https://www.worldometers.info//img/flags/small/tn_us-flag.gif
Justin Minaya,https://ak-static.cms.nba.com/wp-content/uploads/headshots/nba/latest/260x190/1631303.png,https://www.worldometers.info//img/flags/small/tn_us-flag.gif
Jusuf Nurkic,https://ak-static.cms.nba.com/wp-content/uploads/headshots/nba/latest/260x190/203994.png,https://www.worldometers.info//img/flags/small/tn_bk-flag.gif
KJ Martin,https://ak-static.cms.nba.com/wp-content/uploads/headshots/nba/latest/260x190/1630231.png,https://www.worldometers.info//img/flags/small/tn_us-flag.gif
KarlAnthony Towns,https://ak-static.cms.nba.com/wp-content/uploads/headshots/nba/latest/260x190/1626157.png,https://www.worldometers.info//img/flags/small/tn_us-flag.gif
Kawhi Leonard,https://ak-static.cms.nba.com/wp-content/uploads/headshots/nba/latest/260x190/202695.png,https://www.worldometers.info//img/flags/small/tn_us-flag.gif
Keegan Murray,https://ak-static.cms.nba.com/wp-content/uploads/headshots/nba/latest/260x190/1631099.png,https://www.worldometers.info//img/flags/small/tn_us-flag.gif
Keita BatesDiop,https://ak-static.cms.nba.com/wp-content/uploads/headshots/nba/latest/260x190/1628966.png,https://www.worldometers.info//img/flags/small/tn_us-flag.gif
Keldon Johnson,https://ak-static.cms.nba.com/wp-content/uploads/headshots/nba/latest/260x190/1629640.png,https://www.worldometers.info//img/flags/small/tn_us-flag.gif
Kelly Olynyk,https://ak-static.cms.nba.com/wp-content/uploads/headshots/nba/latest/260x190/203482.png,https://www.worldometers.info//img/flags/small/tn_ca-flag.gif
Kelly Oubre Jr,https://ak-static.cms.nba.com/wp-content/uploads/headshots/nba/latest/260x190/1626162.png,https://www.worldometers.info//img/flags/small/tn_us-flag.gif
Kendall Brown,https://ak-static.cms.nba.com/wp-content/uploads/headshots/nba/latest/260x190/1631112.png,https://www.worldometers.info//img/flags/small/tn_us-flag.gif
Kenneth Lofton Jr,https://ak-static.cms.nba.com/wp-content/uploads/headshots/nba/latest/260x190/1631254.png,https://www.worldometers.info//img/flags/small/tn_us-flag.gif
Kenrich Williams,https://ak-static.cms.nba.com/wp-content/uploads/headshots/nba/latest/260x190/1629026.png,https://www.worldometers.info//img/flags/small/tn_us-flag.gif
Kentavious CaldwellPope,https://ak-static.cms.nba.com/wp-content/uploads/headshots/nba/latest/260x190/203484.png,https://www.worldometers.info//img/flags/small/tn_us-flag.gif
Keon Ellis,https://ak-static.cms.nba.com/wp-content/uploads/headshots/nba/latest/260x190/1631165.png,https://www.worldometers.info//img/flags/small/tn_us-flag.gif
Keon Johnson,https://ak-static.cms.nba.com/wp-content/uploads/headshots/nba/latest/260x190/1630553.png,https://www.worldometers.info//img/flags/small/tn_us-flag.gif
Kessler Edwards,https://ak-static.cms.nba.com/wp-content/uploads/headshots/nba/latest/260x190/1630556.png,https://www.worldometers.info//img/flags/small/tn_us-flag.gif
Kevin Durant,https://ak-static.cms.nba.com/wp-content/uploads/headshots/nba/latest/260x190/201142.png,https://www.worldometers.info//img/flags/small/tn_us-flag.gif
Kevin Huerter,https://ak-static.cms.nba.com/wp-content/uploads/headshots/nba/latest/260x190/1628989.png,https://www.worldometers.info//img/flags/small/tn_us-flag.gif
Kevin Knox II,https://ak-static.cms.nba.com/wp-content/uploads/headshots/nba/latest/260x190/1628995.png,https://www.worldometers.info//img/flags/small/tn_us-flag.gif
Kevin Love,https://ak-static.cms.nba.com/wp-content/uploads/headshots/nba/latest/260x190/201567.png,https://www.worldometers.info//img/flags/small/tn_us-flag.gif
Kevon Harris,https://ak-static.cms.nba.com/wp-content/uploads/headshots/nba/latest/260x190/1630284.png,https://www.worldometers.info//img/flags/small/tn_us-flag.gif
Kevon Looney,https://ak-static.cms.nba.com/wp-content/uploads/headshots/nba/latest/260x190/1626172.png,https://www.worldometers.info//img/flags/small/tn_us-flag.gif
Khris Middleton,https://ak-static.cms.nba.com/wp-content/uploads/headshots/nba/latest/260x190/203114.png,https://www.worldometers.info//img/flags/small/tn_us-flag.gif
Killian Hayes,https://ak-static.cms.nba.com/wp-content/uploads/headshots/nba/latest/260x190/1630165.png,https://www.worldometers.info//img/flags/small/tn_fr-flag.gif
Kira Lewis Jr,https://ak-static.cms.nba.com/wp-content/uploads/headshots/nba/latest/260x190/1630184.png,https://www.worldometers.info//img/flags/small/tn_us-flag.gif
Klay Thompson,https://ak-static.cms.nba.com/wp-content/uploads/headshots/nba/latest/260x190/202691.png,https://www.worldometers.info//img/flags/small/tn_us-flag.gif
Kobi Simmons,https://ak-static.cms.nba.com/wp-content/uploads/headshots/nba/latest/260x190/1628424.png,https://www.worldometers.info//img/flags/small/tn_us-flag.gif
Kris Dunn,https://ak-static.cms.nba.com/wp-content/uploads/headshots/nba/latest/260x190/1627739.png,https://www.worldometers.info//img/flags/small/tn_us-flag.gif
Kristaps Porzingis,https://ak-static.cms.nba.com/wp-content/uploads/headshots/nba/latest/260x190/204001.png,https://www.worldometers.info//img/flags/small/tn_lg-flag.gif
Kyle Anderson,https://ak-static.cms.nba.com/wp-content/uploads/headshots/nba/latest/260x190/203937.png,https://www.worldometers.info//img/flags/small/tn_us-flag.gif
Kyle Kuzma,https://ak-static.cms.nba.com/wp-content/uploads/headshots/nba/latest/260x190/1628398.png,https://www.worldometers.info//img/flags/small/tn_us-flag.gif
Kyle Lowry,https://ak-static.cms.nba.com/wp-content/uploads/headshots/nba/latest/260x190/200768.png,https://www.worldometers.info//img/flags/small/tn_us-flag.gif
Kyrie Irving,https://ak-static.cms.nba.com/wp-content/uploads/headshots/nba/latest/260x190/202681.png,https://www.worldometers.info//img/flags/small/tn_as-flag.gif
LaMelo Ball,https://ak-static.cms.nba.com/wp-content/uploads/headshots/nba/latest/260x190/1630163.png,https://www.worldometers.info//img/flags/small/tn_us-flag.gif
Lamar Stevens,https://ak-static.cms.nba.com/wp-content/uploads/headshots/nba/latest/260x190/1630205.png,https://www.worldometers.info//img/flags/small/tn_us-flag.gif
Landry Shamet,https://ak-static.cms.nba.com/wp-content/uploads/headshots/nba/latest/260x190/1629013.png,https://www.worldometers.info//img/flags/small/tn_us-flag.gif
Larry Nance Jr,https://ak-static.cms.nba.com/wp-content/uploads/headshots/nba/latest/260x190/1626204.png,https://www.worldometers.info//img/flags/small/tn_us-flag.gif
Lauri Markkanen,https://ak-static.cms.nba.com/wp-content/uploads/headshots/nba/latest/260x190/1628374.png,https://www.worldometers.info//img/flags/small/tn_fi-flag.gif
LeBron James,https://ak-static.cms.nba.com/wp-content/uploads/headshots/nba/latest/260x190/2544.png,https://www.worldometers.info//img/flags/small/tn_us-flag.gif
Lester Quinones,https://ak-static.cms.nba.com/wp-content/uploads/headshots/nba/latest/260x190/1631311.png,https://www.worldometers.info//img/flags/small/tn_us-flag.gif
Lindell Wigginton,https://ak-static.cms.nba.com/wp-content/uploads/headshots/nba/latest/260x190/1629623.png,https://www.worldometers.info//img/flags/small/tn_ca-flag.gif
Lindy Waters III,https://ak-static.cms.nba.com/wp-content/uploads/headshots/nba/latest/260x190/1630322.png,https://www.worldometers.info//img/flags/small/tn_us-flag.gif
Lonnie Walker IV,https://ak-static.cms.nba.com/wp-content/uploads/headshots/nba/latest/260x190/1629022.png,https://www.worldometers.info//img/flags/small/tn_us-flag.gif
Luguentz Dort,https://ak-static.cms.nba.com/wp-content/uploads/headshots/nba/latest/260x190/1629652.png,https://www.worldometers.info//img/flags/small/tn_ca-flag.gif
Luka Doncic,https://ak-static.cms.nba.com/wp-content/uploads/headshots/nba/latest/260x190/1629029.png,https://www.worldometers.info//img/flags/small/tn_si-flag.gif
Luka Garza,https://ak-static.cms.nba.com/wp-content/uploads/headshots/nba/latest/260x190/1630568.png,https://www.worldometers.info//img/flags/small/tn_us-flag.gif
Luka Samanic,https://ak-static.cms.nba.com/wp-content/uploads/headshots/nba/latest/260x190/1629677.png,https://www.worldometers.info//img/flags/small/tn_hr-flag.gif
Luke Kennard,https://ak-static.cms.nba.com/wp-content/uploads/headshots/nba/latest/260x190/1628379.png,https://www.worldometers.info//img/flags/small/tn_us-flag.gif
Luke Kornet,https://ak-static.cms.nba.com/wp-content/uploads/headshots/nba/latest/260x190/1628436.png,https://www.worldometers.info//img/flags/small/tn_us-flag.gif
Malachi Flynn,https://ak-static.cms.nba.com/wp-content/uploads/headshots/nba/latest/260x190/1630201.png,https://www.worldometers.info//img/flags/small/tn_us-flag.gif
Malaki Branham,https://ak-static.cms.nba.com/wp-content/uploads/headshots/nba/latest/260x190/1631103.png,https://www.worldometers.info//img/flags/small/tn_us-flag.gif
Malcolm Brogdon,https://ak-static.cms.nba.com/wp-content/uploads/headshots/nba/latest/260x190/1627763.png,https://www.worldometers.info//img/flags/small/tn_us-flag.gif
Malik Beasley,https://ak-static.cms.nba.com/wp-content/uploads/headshots/nba/latest/260x190/1627736.png,https://www.worldometers.info//img/flags/small/tn_us-flag.gif
Malik Monk,https://ak-static.cms.nba.com/wp-content/uploads/headshots/nba/latest/260x190/1628370.png,https://www.worldometers.info//img/flags/small/tn_us-flag.gif
Mamadi Diakite,https://ak-static.cms.nba.com/wp-content/uploads/headshots/nba/latest/260x190/1629603.png,https://www.worldometers.info//img/flags/small/tn_gv-flag.gif
MarJon Beauchamp,https://ak-static.cms.nba.com/wp-content/uploads/headshots/nba/latest/260x190/1630699.png,https://www.worldometers.info//img/flags/small/tn_us-flag.gif
Marcus Morris Sr,https://ak-static.cms.nba.com/wp-content/uploads/headshots/nba/latest/260x190/202694.png,https://www.worldometers.info//img/flags/small/tn_us-flag.gif
Marcus Smart,https://ak-static.cms.nba.com/wp-content/uploads/headshots/nba/latest/260x190/203935.png,https://www.worldometers.info//img/flags/small/tn_us-flag.gif
Mark Williams,https://ak-static.cms.nba.com/wp-content/uploads/headshots/nba/latest/260x190/1631109.png,https://www.worldometers.info//img/flags/small/tn_us-flag.gif
Markelle Fultz,https://ak-static.cms.nba.com/wp-content/uploads/headshots/nba/latest/260x190/1628365.png,https://www.worldometers.info//img/flags/small/tn_us-flag.gif
Markieff Morris,https://ak-static.cms.nba.com/wp-content/uploads/headshots/nba/latest/260x190/202693.png,https://www.worldometers.info//img/flags/small/tn_us-flag.gif
Marvin Bagley III,https://ak-static.cms.nba.com/wp-content/uploads/headshots/nba/latest/260x190/1628963.png,https://www.worldometers.info//img/flags/small/tn_us-flag.gif
Mason Jones,https://ak-static.cms.nba.com/wp-content/uploads/headshots/nba/latest/260x190/1630222.png,https://www.worldometers.info//img/flags/small/tn_us-flag.gif
Mason Plumlee,https://ak-static.cms.nba.com/wp-content/uploads/headshots/nba/latest/260x190/203486.png,https://www.worldometers.info//img/flags/small/tn_us-flag.gif
Matisse Thybulle,https://ak-static.cms.nba.com/wp-content/uploads/headshots/nba/latest/260x190/1629680.png,https://www.worldometers.info//img/flags/small/tn_us-flag.gif
Matt Ryan,https://ak-static.cms.nba.com/wp-content/uploads/headshots/nba/latest/260x190/1630346.png,https://www.worldometers.info//img/flags/small/tn_us-flag.gif
Max Christie,https://ak-static.cms.nba.com/wp-content/uploads/headshots/nba/latest/260x190/1631108.png,https://www.worldometers.info//img/flags/small/tn_us-flag.gif
Max Strus,https://ak-static.cms.nba.com/wp-content/uploads/headshots/nba/latest/260x190/1629622.png,https://www.worldometers.info//img/flags/small/tn_us-flag.gif
Maxi Kleber,https://ak-static.cms.nba.com/wp-content/uploads/headshots/nba/latest/260x190/1628467.png,https://www.worldometers.info//img/flags/small/tn_gm-flag.gif
Micah Potter,https://ak-static.cms.nba.com/wp-content/uploads/headshots/nba/latest/260x190/1630695.png,https://www.worldometers.info//img/flags/small/tn_us-flag.gif
Michael Porter Jr,https://ak-static.cms.nba.com/wp-content/uploads/headshots/nba/latest/260x190/1629008.png,https://www.worldometers.info//img/flags/small/tn_us-flag.gif
Mikal Bridges,https://ak-static.cms.nba.com/wp-content/uploads/headshots/nba/latest/260x190/1628969.png,https://www.worldometers.info//img/flags/small/tn_us-flag.gif
Mike Conley,https://ak-static.cms.nba.com/wp-content/uploads/headshots/nba/latest/260x190/201144.png,https://www.worldometers.info//img/flags/small/tn_us-flag.gif
Mike Muscala,https://ak-static.cms.nba.com/wp-content/uploads/headshots/nba/latest/260x190/203488.png,https://www.worldometers.info//img/flags/small/tn_us-flag.gif
Miles Bridges,https://ak-static.cms.nba.com/wp-content/uploads/headshots/nba/latest/260x190/1628970.png,https://www.worldometers.info//img/flags/small/tn_us-flag.gif
Miles McBride,https://ak-static.cms.nba.com/wp-content/uploads/headshots/nba/latest/260x190/1630540.png,https://www.worldometers.info//img/flags/small/tn_us-flag.gif
Mitchell Robinson,https://ak-static.cms.nba.com/wp-content/uploads/headshots/nba/latest/260x190/1629011.png,https://www.worldometers.info//img/flags/small/tn_us-flag.gif
Mo Bamba,https://ak-static.cms.nba.com/wp-content/uploads/headshots/nba/latest/260x190/1628964.png,https://www.worldometers.info//img/flags/small/tn_us-flag.gif
Monte Morris,https://ak-static.cms.nba.com/wp-content/uploads/headshots/nba/latest/260x190/1628420.png,https://www.worldometers.info//img/flags/small/tn_us-flag.gif
Moritz Wagner,https://ak-static.cms.nba.com/wp-content/uploads/headshots/nba/latest/260x190/1629021.png,https://www.worldometers.info//img/flags/small/tn_gm-flag.gif
Moses Brown,https://ak-static.cms.nba.com/wp-content/uploads/headshots/nba/latest/260x190/1629650.png,https://www.worldometers.info//img/flags/small/tn_us-flag.gif
Moses Moody,https://ak-static.cms.nba.com/wp-content/uploads/headshots/nba/latest/260x190/1630541.png,https://www.worldometers.info//img/flags/small/tn_us-flag.gif
Moussa Diabate,https://ak-static.cms.nba.com/wp-content/uploads/headshots/nba/latest/260x190/1631217.png,https://www.worldometers.info//img/flags/small/tn_fr-flag.gif
Myles Turner,https://ak-static.cms.nba.com/wp-content/uploads/headshots/nba/latest/260x190/1626167.png,https://www.worldometers.info//img/flags/small/tn_us-flag.gif
Naji Marshall,https://ak-static.cms.nba.com/wp-content/uploads/headshots/nba/latest/260x190/1630230.png,https://www.worldometers.info//img/flags/small/tn_us-flag.gif
Nassir Little,https://ak-static.cms.nba.com/wp-content/uploads/headshots/nba/latest/260x190/1629642.png,https://www.worldometers.info//img/flags/small/tn_us-flag.gif
Nate Hinton,https://ak-static.cms.nba.com/wp-content/uploads/headshots/nba/latest/260x190/1630207.png,https://www.worldometers.info//img/flags/small/tn_us-flag.gif
Nate Williams,https://ak-static.cms.nba.com/wp-content/uploads/headshots/nba/latest/260x190/1631466.png,https://www.worldometers.info//img/flags/small/tn_us-flag.gif
Naz Reid,https://ak-static.cms.nba.com/wp-content/uploads/headshots/nba/latest/260x190/1629675.png,https://www.worldometers.info//img/flags/small/tn_us-flag.gif
Neemias Queta,https://ak-static.cms.nba.com/wp-content/uploads/headshots/nba/latest/260x190/1629674.png,https://www.worldometers.info//img/flags/small/tn_po-flag.gif
Nic Claxton,https://ak-static.cms.nba.com/wp-content/uploads/headshots/nba/latest/260x190/1629651.png,https://www.worldometers.info//img/flags/small/tn_us-flag.gif
Nick Richards,https://ak-static.cms.nba.com/wp-content/uploads/headshots/nba/latest/260x190/1630208.png,https://www.worldometers.info//img/flags/small/tn_jm-flag.gif
Nickeil AlexanderWalker,https://ak-static.cms.nba.com/wp-content/uploads/headshots/nba/latest/260x190/1629638.png,https://www.worldometers.info//img/flags/small/tn_ca-flag.gif
Nicolas Batum,https://ak-static.cms.nba.com/wp-content/uploads/headshots/nba/latest/260x190/201587.png,https://www.worldometers.info//img/flags/small/tn_fr-flag.gif
Nikola Jokic,https://ak-static.cms.nba.com/wp-content/uploads/headshots/nba/latest/260x190/203999.png,https://www.worldometers.info//img/flags/small/tn_ri-flag.gif
Nikola Jovic,https://ak-static.cms.nba.com/wp-content/uploads/headshots/nba/latest/260x190/1631107.png,https://www.worldometers.info//img/flags/small/tn_ri-flag.gif
Nikola Vucevic,https://ak-static.cms.nba.com/wp-content/uploads/headshots/nba/latest/260x190/202696.png,https://www.worldometers.info//img/flags/small/tn_mj-flag.gif
Norman Powell,https://ak-static.cms.nba.com/wp-content/uploads/headshots/nba/latest/260x190/1626181.png,https://www.worldometers.info//img/flags/small/tn_us-flag.gif
OG Anunoby,https://ak-static.cms.nba.com/wp-content/uploads/headshots/nba/latest/260x190/1628384.png,
Obi Toppin,https://ak-static.cms.nba.com/wp-content/uploads/headshots/nba/latest/260x190/1630167.png,https://www.worldometers.info//img/flags/small/tn_us-flag.gif
Ochai Agbaji,https://ak-static.cms.nba.com/wp-content/uploads/headshots/nba/latest/260x190/1630534.png,https://www.worldometers.info//img/flags/small/tn_us-flag.gif
Olivier Sarr,https://ak-static.cms.nba.com/wp-content/uploads/headshots/nba/latest/260x190/1630846.png,https://www.worldometers.info//img/flags/small/tn_fr-flag.gif
Omer Yurtseven,https://ak-static.cms.nba.com/wp-content/uploads/headshots/nba/latest/260x190/1630209.png,https://www.worldometers.info//img/flags/small/tn_tu-flag.gif
Onyeka Okongwu,https://ak-static.cms.nba.com/wp-content/uploads/headshots/nba/latest/260x190/1630168.png,https://www.worldometers.info//img/flags/small/tn_us-flag.gif
Orlando Robinson,https://ak-static.cms.nba.com/wp-content/uploads/headshots/nba/latest/260x190/1631115.png,https://www.worldometers.info//img/flags/small/tn_us-flag.gif
Oshae Brissett,https://ak-static.cms.nba.com/wp-content/uploads/headshots/nba/latest/260x190/1629052.png,https://www.worldometers.info//img/flags/small/tn_ca-flag.gif
Otto Porter Jr,https://ak-static.cms.nba.com/wp-content/uploads/headshots/nba/latest/260x190/203490.png,https://www.worldometers.info//img/flags/small/tn_us-flag.gif
Ousmane Dieng,https://ak-static.cms.nba.com/wp-content/uploads/headshots/nba/latest/260x190/1631172.png,https://www.worldometers.info//img/flags/small/tn_fr-flag.gif
PJ Tucker,https://ak-static.cms.nba.com/wp-content/uploads/headshots/nba/latest/260x190/200782.png,https://www.worldometers.info//img/flags/small/tn_us-flag.gif
PJ Washington,https://ak-static.cms.nba.com/wp-content/uploads/headshots/nba/latest/260x190/1629023.png,https://www.worldometers.info//img/flags/small/tn_us-flag.gif
Paolo Banchero,https://ak-static.cms.nba.com/wp-content/uploads/headshots/nba/latest/260x190/1631094.png,https://www.worldometers.info//img/flags/small/tn_us-flag.gif
Pascal Siakam,https://ak-static.cms.nba.com/wp-content/uploads/headshots/nba/latest/260x190/1627783.png,https://www.worldometers.info//img/flags/small/tn_cm-flag.gif
Pat Connaughton,https://ak-static.cms.nba.com/wp-content/uploads/headshots/nba/latest/260x190/1626192.png,https://www.worldometers.info//img/flags/small/tn_us-flag.gif
Patrick Baldwin Jr,https://ak-static.cms.nba.com/wp-content/uploads/headshots/nba/latest/260x190/1631116.png,https://www.worldometers.info//img/flags/small/tn_us-flag.gif
Patrick Beverley,https://ak-static.cms.nba.com/wp-content/uploads/headshots/nba/latest/260x190/201976.png,https://www.worldometers.info//img/flags/small/tn_us-flag.gif
Patrick Williams,https://ak-static.cms.nba.com/wp-content/uploads/headshots/nba/latest/260x190/1630172.png,https://www.worldometers.info//img/flags/small/tn_us-flag.gif
Patty Mills,https://ak-static.cms.nba.com/wp-content/uploads/headshots/nba/latest/260x190/201988.png,https://www.worldometers.info//img/flags/small/tn_as-flag.gif
Paul George,https://ak-static.cms.nba.com/wp-content/uploads/headshots/nba/latest/260x190/202331.png,https://www.worldometers.info//img/flags/small/tn_us-flag.gif
Paul Reed,https://ak-static.cms.nba.com/wp-content/uploads/headshots/nba/latest/260x190/1630194.png,https://www.worldometers.info//img/flags/small/tn_us-flag.gif
Payton Pritchard,https://ak-static.cms.nba.com/wp-content/uploads/headshots/nba/latest/260x190/1630202.png,https://www.worldometers.info//img/flags/small/tn_us-flag.gif
Peyton Watson,https://ak-static.cms.nba.com/wp-content/uploads/headshots/nba/latest/260x190/1631212.png,https://www.worldometers.info//img/flags/small/tn_us-flag.gif
Precious Achiuwa,https://ak-static.cms.nba.com/wp-content/uploads/headshots/nba/latest/260x190/1630173.png,https://www.worldometers.info//img/flags/small/tn_ni-flag.gif
Quentin Grimes,https://ak-static.cms.nba.com/wp-content/uploads/headshots/nba/latest/260x190/1629656.png,https://www.worldometers.info//img/flags/small/tn_us-flag.gif
Quenton Jackson,https://ak-static.cms.nba.com/wp-content/uploads/headshots/nba/latest/260x190/1631245.png,https://www.worldometers.info//img/flags/small/tn_us-flag.gif
RJ Hampton,https://ak-static.cms.nba.com/wp-content/uploads/headshots/nba/latest/260x190/1630181.png,https://www.worldometers.info//img/flags/small/tn_us-flag.gif
RJ Barrett,https://ak-static.cms.nba.com/wp-content/uploads/headshots/nba/latest/260x190/1629628.png,https://www.worldometers.info//img/flags/small/tn_ca-flag.gif
RaiQuan Gray,https://ak-static.cms.nba.com/wp-content/uploads/headshots/nba/latest/260x190/1630564.png,https://www.worldometers.info//img/flags/small/tn_us-flag.gif
Reggie Bullock Jr,https://ak-static.cms.nba.com/wp-content/uploads/headshots/nba/latest/260x190/203493.png,https://www.worldometers.info//img/flags/small/tn_us-flag.gif
Reggie Jackson,https://ak-static.cms.nba.com/wp-content/uploads/headshots/nba/latest/260x190/202704.png,https://www.worldometers.info//img/flags/small/tn_us-flag.gif
Richaun Holmes,https://ak-static.cms.nba.com/wp-content/uploads/headshots/nba/latest/260x190/1626158.png,https://www.worldometers.info//img/flags/small/tn_us-flag.gif
Robert Covington,https://ak-static.cms.nba.com/wp-content/uploads/headshots/nba/latest/260x190/203496.png,https://www.worldometers.info//img/flags/small/tn_us-flag.gif
Robert Williams III,https://ak-static.cms.nba.com/wp-content/uploads/headshots/nba/latest/260x190/1629057.png,https://www.worldometers.info//img/flags/small/tn_us-flag.gif
Robin Lopez,https://ak-static.cms.nba.com/wp-content/uploads/headshots/nba/latest/260x190/201577.png,https://www.worldometers.info//img/flags/small/tn_us-flag.gif
Ron Harper Jr,https://ak-static.cms.nba.com/wp-content/uploads/headshots/nba/latest/260x190/1631199.png,https://www.worldometers.info//img/flags/small/tn_us-flag.gif
Royce ONeale,https://ak-static.cms.nba.com/wp-content/uploads/headshots/nba/latest/260x190/1626220.png,https://www.worldometers.info//img/flags/small/tn_us-flag.gif
Rudy Gobert,https://ak-static.cms.nba.com/wp-content/uploads/headshots/nba/latest/260x190/203497.png,https://www.worldometers.info//img/flags/small/tn_fr-flag.gif
Rui Hachimura,https://ak-static.cms.nba.com/wp-content/uploads/headshots/nba/latest/260x190/1629060.png,https://www.worldometers.info//img/flags/small/tn_ja-flag.gif
Russell Westbrook,https://ak-static.cms.nba.com/wp-content/uploads/headshots/nba/latest/260x190/201566.png,https://www.worldometers.info//img/flags/small/tn_us-flag.gif
Ryan Arcidiacono,https://ak-static.cms.nba.com/wp-content/uploads/headshots/nba/latest/260x190/1627853.png,https://www.worldometers.info//img/flags/small/tn_us-flag.gif
Ryan Rollins,https://ak-static.cms.nba.com/wp-content/uploads/headshots/nba/latest/260x190/1631157.png,https://www.worldometers.info//img/flags/small/tn_us-flag.gif
Saben Lee,https://ak-static.cms.nba.com/wp-content/uploads/headshots/nba/latest/260x190/1630240.png,https://www.worldometers.info//img/flags/small/tn_us-flag.gif
Saddiq Bey,https://ak-static.cms.nba.com/wp-content/uploads/headshots/nba/latest/260x190/1630180.png,https://www.worldometers.info//img/flags/small/tn_us-flag.gif
Sam Hauser,https://ak-static.cms.nba.com/wp-content/uploads/headshots/nba/latest/260x190/1630573.png,https://www.worldometers.info//img/flags/small/tn_us-flag.gif
Sam Merrill,https://ak-static.cms.nba.com/wp-content/uploads/headshots/nba/latest/260x190/1630241.png,https://www.worldometers.info//img/flags/small/tn_us-flag.gif
Sandro Mamukelashvili,https://ak-static.cms.nba.com/wp-content/uploads/headshots/nba/latest/260x190/1630572.png,https://www.worldometers.info//img/flags/small/tn_gg-flag.gif
Santi Aldama,https://ak-static.cms.nba.com/wp-content/uploads/headshots/nba/latest/260x190/1630583.png,https://www.worldometers.info//img/flags/small/tn_sp-flag.gif
Scottie Barnes,https://ak-static.cms.nba.com/wp-content/uploads/headshots/nba/latest/260x190/1630567.png,https://www.worldometers.info//img/flags/small/tn_us-flag.gif
Scotty Pippen Jr,https://ak-static.cms.nba.com/wp-content/uploads/headshots/nba/latest/260x190/1630590.png,https://www.worldometers.info//img/flags/small/tn_us-flag.gif
Seth Curry,https://ak-static.cms.nba.com/wp-content/uploads/headshots/nba/latest/260x190/203552.png,https://www.worldometers.info//img/flags/small/tn_us-flag.gif
Shaedon Sharpe,https://ak-static.cms.nba.com/wp-content/uploads/headshots/nba/latest/260x190/1631101.png,https://www.worldometers.info//img/flags/small/tn_ca-flag.gif
Shai GilgeousAlexander,https://ak-static.cms.nba.com/wp-content/uploads/headshots/nba/latest/260x190/1628983.png,https://www.worldometers.info//img/flags/small/tn_ca-flag.gif
Shake Milton,https://ak-static.cms.nba.com/wp-content/uploads/headshots/nba/latest/260x190/1629003.png,https://www.worldometers.info//img/flags/small/tn_us-flag.gif
Shaquille Harrison,https://ak-static.cms.nba.com/wp-content/uploads/headshots/nba/latest/260x190/1627885.png,https://www.worldometers.info//img/flags/small/tn_us-flag.gif
Simone Fontecchio,https://ak-static.cms.nba.com/wp-content/uploads/headshots/nba/latest/260x190/1631323.png,https://www.worldometers.info//img/flags/small/tn_it-flag.gif
Skylar Mays,https://ak-static.cms.nba.com/wp-content/uploads/headshots/nba/latest/260x190/1630219.png,https://www.worldometers.info//img/flags/small/tn_us-flag.gif
Spencer Dinwiddie,https://ak-static.cms.nba.com/wp-content/uploads/headshots/nba/latest/260x190/203915.png,https://www.worldometers.info//img/flags/small/tn_us-flag.gif
Stanley Umude,https://ak-static.cms.nba.com/wp-content/uploads/headshots/nba/latest/260x190/1630649.png,https://www.worldometers.info//img/flags/small/tn_us-flag.gif
Stephen Curry,https://ak-static.cms.nba.com/wp-content/uploads/headshots/nba/latest/260x190/201939.png,https://www.worldometers.info//img/flags/small/tn_us-flag.gif
Svi Mykhailiuk,https://ak-static.cms.nba.com/wp-content/uploads/headshots/nba/latest/260x190/1629004.png,https://www.worldometers.info//img/flags/small/tn_up-flag.gif
TJ McConnell,https://ak-static.cms.nba.com/wp-content/uploads/headshots/nba/latest/260x190/204456.png,https://www.worldometers.info//img/flags/small/tn_us-flag.gif
TJ Warren,https://ak-static.cms.nba.com/wp-content/uploads/headshots/nba/latest/260x190/203933.png,https://www.worldometers.info//img/flags/small/tn_us-flag.gif
Taj Gibson,https://ak-static.cms.nba.com/wp-content/uploads/headshots/nba/latest/260x190/201959.png,https://www.worldometers.info//img/flags/small/tn_us-flag.gif
Talen HortonTucker,https://ak-static.cms.nba.com/wp-content/uploads/headshots/nba/latest/260x190/1629659.png,https://www.worldometers.info//img/flags/small/tn_us-flag.gif
Tari Eason,https://ak-static.cms.nba.com/wp-content/uploads/headshots/nba/latest/260x190/1631106.png,https://www.worldometers.info//img/flags/small/tn_us-flag.gif
Taurean Prince,https://ak-static.cms.nba.com/wp-content/uploads/headshots/nba/latest/260x190/1627752.png,https://www.worldometers.info//img/flags/small/tn_us-flag.gif
Terance Mann,https://ak-static.cms.nba.com/wp-content/uploads/headshots/nba/latest/260x190/1629611.png,https://www.worldometers.info//img/flags/small/tn_us-flag.gif
Terry Rozier,https://ak-static.cms.nba.com/wp-content/uploads/headshots/nba/latest/260x190/1626179.png,https://www.worldometers.info//img/flags/small/tn_us-flag.gif
Terry Taylor,https://ak-static.cms.nba.com/wp-content/uploads/headshots/nba/latest/260x190/1630678.png,https://www.worldometers.info//img/flags/small/tn_us-flag.gif
Thaddeus Young,https://ak-static.cms.nba.com/wp-content/uploads/headshots/nba/latest/260x190/201152.png,https://www.worldometers.info//img/flags/small/tn_us-flag.gif
Thanasis Antetokounmpo,https://ak-static.cms.nba.com/wp-content/uploads/headshots/nba/latest/260x190/203648.png,https://www.worldometers.info//img/flags/small/tn_gr-flag.gif
Theo Maledon,https://ak-static.cms.nba.com/wp-content/uploads/headshots/nba/latest/260x190/1630177.png,https://www.worldometers.info//img/flags/small/tn_fr-flag.gif
Thomas Bryant,https://ak-static.cms.nba.com/wp-content/uploads/headshots/nba/latest/260x190/1628418.png,https://www.worldometers.info//img/flags/small/tn_us-flag.gif
Tim Hardaway Jr,https://ak-static.cms.nba.com/wp-content/uploads/headshots/nba/latest/260x190/203501.png,https://www.worldometers.info//img/flags/small/tn_us-flag.gif
Tobias Harris,https://ak-static.cms.nba.com/wp-content/uploads/headshots/nba/latest/260x190/202699.png,https://www.worldometers.info//img/flags/small/tn_us-flag.gif
Torrey Craig,https://ak-static.cms.nba.com/wp-content/uploads/headshots/nba/latest/260x190/1628470.png,https://www.worldometers.info//img/flags/small/tn_us-flag.gif
Trae Young,https://ak-static.cms.nba.com/wp-content/uploads/headshots/nba/latest/260x190/1629027.png,https://www.worldometers.info//img/flags/small/tn_us-flag.gif
Tre Jones,https://ak-static.cms.nba.com/wp-content/uploads/headshots/nba/latest/260x190/1630200.png,https://www.worldometers.info//img/flags/small/tn_us-flag.gif
Tre Mann,https://ak-static.cms.nba.com/wp-content/uploads/headshots/nba/latest/260x190/1630544.png,https://www.worldometers.info//img/flags/small/tn_us-flag.gif
Trendon Watford,https://ak-static.cms.nba.com/wp-content/uploads/headshots/nba/latest/260x190/1630570.png,https://www.worldometers.info//img/flags/small/tn_us-flag.gif
Trent Forrest,https://ak-static.cms.nba.com/wp-content/uploads/headshots/nba/latest/260x190/1630235.png,https://www.worldometers.info//img/flags/small/tn_us-flag.gif
Trevelin Queen,https://ak-static.cms.nba.com/wp-content/uploads/headshots/nba/latest/260x190/1630243.png,https://www.worldometers.info//img/flags/small/tn_us-flag.gif
Trey Lyles,https://ak-static.cms.nba.com/wp-content/uploads/headshots/nba/latest/260x190/1626168.png,https://www.worldometers.info//img/flags/small/tn_ca-flag.gif
Trey Murphy III,https://ak-static.cms.nba.com/wp-content/uploads/headshots/nba/latest/260x190/1630530.png,https://www.worldometers.info//img/flags/small/tn_us-flag.gif
Tristan Thompson,https://ak-static.cms.nba.com/wp-content/uploads/headshots/nba/latest/260x190/202684.png,https://www.worldometers.info//img/flags/small/tn_ca-flag.gif
Troy Brown Jr,https://ak-static.cms.nba.com/wp-content/uploads/headshots/nba/latest/260x190/1628972.png,https://www.worldometers.info//img/flags/small/tn_us-flag.gif
Ty Jerome,https://ak-static.cms.nba.com/wp-content/uploads/headshots/nba/latest/260x190/1629660.png,https://www.worldometers.info//img/flags/small/tn_us-flag.gif
TyTy Washington Jr,https://ak-static.cms.nba.com/wp-content/uploads/headshots/nba/latest/260x190/1631102.png,https://www.worldometers.info//img/flags/small/tn_us-flag.gif
Tyler Herro,https://ak-static.cms.nba.com/wp-content/uploads/headshots/nba/latest/260x190/1629639.png,https://www.worldometers.info//img/flags/small/tn_us-flag.gif
Tyrese Haliburton,https://ak-static.cms.nba.com/wp-content/uploads/headshots/nba/latest/260x190/1630169.png,https://www.worldometers.info//img/flags/small/tn_us-flag.gif
Tyrese Maxey,https://ak-static.cms.nba.com/wp-content/uploads/headshots/nba/latest/260x190/1630178.png,https://www.worldometers.info//img/flags/small/tn_us-flag.gif
Tyus Jones,https://ak-static.cms.nba.com/wp-content/uploads/headshots/nba/latest/260x190/1626145.png,https://www.worldometers.info//img/flags/small/tn_us-flag.gif
Udoka Azubuike,https://ak-static.cms.nba.com/wp-content/uploads/headshots/nba/latest/260x190/1628962.png,https://www.worldometers.info//img/flags/small/tn_ni-flag.gif
Usman Garuba,https://ak-static.cms.nba.com/wp-content/uploads/headshots/nba/latest/260x190/1630586.png,https://www.worldometers.info//img/flags/small/tn_sp-flag.gif
Vince Williams Jr,https://ak-static.cms.nba.com/wp-content/uploads/headshots/nba/latest/260x190/1631246.png,https://www.worldometers.info//img/flags/small/tn_us-flag.gif
Vit Krejci,https://ak-static.cms.nba.com/wp-content/uploads/headshots/nba/latest/260x190/1630249.png,
Walker Kessler,https://ak-static.cms.nba.com/wp-content/uploads/headshots/nba/latest/260x190/1631117.png,https://www.worldometers.info//img/flags/small/tn_us-flag.gif
Wendell Carter Jr,https://ak-static.cms.nba.com/wp-content/uploads/headshots/nba/latest/260x190/1628976.png,https://www.worldometers.info//img/flags/small/tn_us-flag.gif
Wendell Moore Jr,https://ak-static.cms.nba.com/wp-content/uploads/headshots/nba/latest/260x190/1631111.png,https://www.worldometers.info//img/flags/small/tn_us-flag.gif
Wenyen Gabriel,https://ak-static.cms.nba.com/wp-content/uploads/headshots/nba/latest/260x190/1629117.png,https://www.worldometers.info//img/flags/small/tn_od-flag.gif
Wesley Matthews,https://ak-static.cms.nba.com/wp-content/uploads/headshots/nba/latest/260x190/202083.png,https://www.worldometers.info//img/flags/small/tn_us-flag.gif
Xavier Moon,https://ak-static.cms.nba.com/wp-content/uploads/headshots/nba/latest/260x190/1629875.png,https://www.worldometers.info//img/flags/small/tn_us-flag.gif
Xavier Tillman Sr,https://ak-static.cms.nba.com/wp-content/uploads/headshots/nba/latest/260x190/1630214.png,https://www.worldometers.info//img/flags/small/tn_us-flag.gif
Yuta Watanabe,https://ak-static.cms.nba.com/wp-content/uploads/headshots/nba/latest/260x190/1629139.png,https://www.worldometers.info//img/flags/small/tn_ja-flag.gif
Zach Collins,https://ak-static.cms.nba.com/wp-content/uploads/headshots/nba/latest/260x190/1628380.png,https://www.worldometers.info//img/flags/small/tn_us-flag.gif
Zach LaVine,https://ak-static.cms.nba.com/wp-content/uploads/headshots/nba/latest/260x190/203897.png,https://www.worldometers.info//img/flags/small/tn_us-flag.gif
Zavier Simpson,https://ak-static.cms.nba.com/wp-content/uploads/headshots/nba/latest/260x190/1630285.png,https://www.worldometers.info//img/flags/small/tn_us-flag.gif
Zeke Nnaji,https://ak-static.cms.nba.com/wp-content/uploads/headshots/nba/latest/260x190/1630192.png,https://www.worldometers.info//img/flags/small/tn_us-flag.gif
Ziaire Williams,https://ak-static.cms.nba.com/wp-content/uploads/headshots/nba/latest/260x190/1630533.png,https://www.worldometers.info//img/flags/small/tn_us-flag.gif
Zion Williamson,https://ak-static.cms.nba.com/wp-content/uploads/headshots/nba/latest/260x190/1629627.png,https://www.worldometers.info//img/flags/small/tn_us-flag.gif
Alize Johnson,https://ak-static.cms.nba.com/wp-content/uploads/headshots/nba/latest/260x190/1628993.png,https://www.worldometers.info//img/flags/small/tn_us-flag.gif
Andre Iguodala,https://ak-static.cms.nba.com/wp-content/uploads/headshots/nba/latest/260x190/2738.png,https://www.worldometers.info//img/flags/small/tn_us-flag.gif
Anthony Lamb,https://ak-static.cms.nba.com/wp-content/uploads/headshots/nba/latest/260x190/1630237.png,https://www.worldometers.info//img/flags/small/tn_us-flag.gif
Austin Rivers,https://ak-static.cms.nba.com/wp-content/uploads/headshots/nba/latest/260x190/203085.png,https://www.worldometers.info//img/flags/small/tn_us-flag.gif
Blake Griffin,https://ak-static.cms.nba.com/wp-content/uploads/headshots/nba/latest/260x190/201933.png,https://www.worldometers.info//img/flags/small/tn_us-flag.gif
Bryn Forbes,https://ak-static.cms.nba.com/wp-content/uploads/headshots/nba/latest/260x190/1627854.png,https://www.worldometers.info//img/flags/small/tn_us-flag.gif
Carlik Jones,https://ak-static.cms.nba.com/wp-content/uploads/headshots/nba/latest/260x190/1630637.png,https://www.worldometers.info//img/flags/small/tn_us-flag.gif
Chris Silva,https://ak-static.cms.nba.com/wp-content/uploads/headshots/nba/latest/260x190/1629735.png,https://www.worldometers.info//img/flags/small/tn_gb-flag.gif
Damion Lee,https://ak-static.cms.nba.com/wp-content/uploads/headshots/nba/latest/260x190/1627814.png,https://www.worldometers.info//img/flags/small/tn_us-flag.gif
Davon Reed,https://ak-static.cms.nba.com/wp-content/uploads/headshots/nba/latest/260x190/1628432.png,https://www.worldometers.info//img/flags/small/tn_us-flag.gif
Devon Dotson,https://ak-static.cms.nba.com/wp-content/uploads/headshots/nba/latest/260x190/1629653.png,https://www.worldometers.info//img/flags/small/tn_us-flag.gif
Dewayne Dedmon,https://ak-static.cms.nba.com/wp-content/uploads/headshots/nba/latest/260x190/203473.png,https://www.worldometers.info//img/flags/small/tn_us-flag.gif
Duane Washington Jr,https://ak-static.cms.nba.com/wp-content/uploads/headshots/nba/latest/260x190/1630613.png,https://www.worldometers.info//img/flags/small/tn_gm-flag.gif
Facundo Campazzo,https://ak-static.cms.nba.com/wp-content/uploads/headshots/nba/latest/260x190/1630267.png,https://www.worldometers.info//img/flags/small/tn_ar-flag.gif
Frank Jackson,https://ak-static.cms.nba.com/wp-content/uploads/headshots/nba/latest/260x190/1628402.png,https://www.worldometers.info//img/flags/small/tn_us-flag.gif
Frank Kaminsky,https://ak-static.cms.nba.com/wp-content/uploads/headshots/nba/latest/260x190/1626163.png,https://www.worldometers.info//img/flags/small/tn_us-flag.gif
Gabe York,https://ak-static.cms.nba.com/wp-content/uploads/headshots/nba/latest/260x190/1628221.png,https://www.worldometers.info//img/flags/small/tn_us-flag.gif
George Hill,https://ak-static.cms.nba.com/wp-content/uploads/headshots/nba/latest/260x190/201588.png,https://www.worldometers.info//img/flags/small/tn_us-flag.gif
Goran Dragic,https://ak-static.cms.nba.com/wp-content/uploads/headshots/nba/latest/260x190/201609.png,https://www.worldometers.info//img/flags/small/tn_si-flag.gif
Gorgui Dieng,https://ak-static.cms.nba.com/wp-content/uploads/headshots/nba/latest/260x190/203476.png,https://www.worldometers.info//img/flags/small/tn_sg-flag.gif
Isaiah Roby,https://ak-static.cms.nba.com/wp-content/uploads/headshots/nba/latest/260x190/1629676.png,https://www.worldometers.info//img/flags/small/tn_us-flag.gif
Isaiah Todd,https://ak-static.cms.nba.com/wp-content/uploads/headshots/nba/latest/260x190/1630225.png,https://www.worldometers.info//img/flags/small/tn_us-flag.gif
JaMychal Green,https://ak-static.cms.nba.com/wp-content/uploads/headshots/nba/latest/260x190/203210.png,https://www.worldometers.info//img/flags/small/tn_us-flag.gif
Jarrett Culver,https://ak-static.cms.nba.com/wp-content/uploads/headshots/nba/latest/260x190/1629633.png,https://www.worldometers.info//img/flags/small/tn_us-flag.gif
Jay Scrubb,https://ak-static.cms.nba.com/wp-content/uploads/headshots/nba/latest/260x190/1630206.png,https://www.worldometers.info//img/flags/small/tn_us-flag.gif
Joe Wieskamp,https://ak-static.cms.nba.com/wp-content/uploads/headshots/nba/latest/260x190/1630580.png,https://www.worldometers.info//img/flags/small/tn_us-flag.gif
Jordan Schakel,https://ak-static.cms.nba.com/wp-content/uploads/headshots/nba/latest/260x190/1630648.png,https://www.worldometers.info//img/flags/small/tn_us-flag.gif
Josh Christopher,https://ak-static.cms.nba.com/wp-content/uploads/headshots/nba/latest/260x190/1630528.png,https://www.worldometers.info//img/flags/small/tn_us-flag.gif
Juancho Hernangomez,https://ak-static.cms.nba.com/wp-content/uploads/headshots/nba/latest/260x190/1627823.png,https://www.worldometers.info//img/flags/small/tn_sp-flag.gif
Justise Winslow,https://ak-static.cms.nba.com/wp-content/uploads/headshots/nba/latest/260x190/1626159.png,https://www.worldometers.info//img/flags/small/tn_us-flag.gif
KZ Okpala,https://ak-static.cms.nba.com/wp-content/uploads/headshots/nba/latest/260x190/1629644.png,https://www.worldometers.info//img/flags/small/tn_us-flag.gif
Kai Jones,https://ak-static.cms.nba.com/wp-content/uploads/headshots/nba/latest/260x190/1630539.png,
Kemba Walker,https://ak-static.cms.nba.com/wp-content/uploads/headshots/nba/latest/260x190/202689.png,https://www.worldometers.info//img/flags/small/tn_us-flag.gif
Kevin Porter Jr,https://ak-static.cms.nba.com/wp-content/uploads/headshots/nba/latest/260x190/1629645.png,https://www.worldometers.info//img/flags/small/tn_us-flag.gif
Khem Birch,https://ak-static.cms.nba.com/wp-content/uploads/headshots/nba/latest/260x190/203920.png,https://www.worldometers.info//img/flags/small/tn_ca-flag.gif
Leandro Bolmaro,https://ak-static.cms.nba.com/wp-content/uploads/headshots/nba/latest/260x190/1630195.png,https://www.worldometers.info//img/flags/small/tn_ar-flag.gif
Louis King,https://ak-static.cms.nba.com/wp-content/uploads/headshots/nba/latest/260x190/1629663.png,https://www.worldometers.info//img/flags/small/tn_us-flag.gif
Mac McClung,https://ak-static.cms.nba.com/wp-content/uploads/headshots/nba/latest/260x190/1630644.png,https://www.worldometers.info//img/flags/small/tn_us-flag.gif
Malcolm Hill,https://ak-static.cms.nba.com/wp-content/uploads/headshots/nba/latest/260x190/1630792.png,https://www.worldometers.info//img/flags/small/tn_us-flag.gif
Marko Simonovic,https://ak-static.cms.nba.com/wp-content/uploads/headshots/nba/latest/260x190/1630250.png,https://www.worldometers.info//img/flags/small/tn_mj-flag.gif
McKinley Wright IV,https://ak-static.cms.nba.com/wp-content/uploads/headshots/nba/latest/260x190/1630593.png,https://www.worldometers.info//img/flags/small/tn_us-flag.gif
Montrezl Harrell,https://ak-static.cms.nba.com/wp-content/uploads/headshots/nba/latest/260x190/1626149.png,https://www.worldometers.info//img/flags/small/tn_us-flag.gif
Nathan Knight,https://ak-static.cms.nba.com/wp-content/uploads/headshots/nba/latest/260x190/1630233.png,https://www.worldometers.info//img/flags/small/tn_us-flag.gif
Nerlens Noel,https://ak-static.cms.nba.com/wp-content/uploads/headshots/nba/latest/260x190/203457.png,https://www.worldometers.info//img/flags/small/tn_us-flag.gif
PJ Dozier,https://ak-static.cms.nba.com/wp-content/uploads/headshots/nba/latest/260x190/1628408.png,https://www.worldometers.info//img/flags/small/tn_us-flag.gif
Raul Neto,https://ak-static.cms.nba.com/wp-content/uploads/headshots/nba/latest/260x190/203526.png,https://www.worldometers.info//img/flags/small/tn_br-flag.gif
Ricky Rubio,https://ak-static.cms.nba.com/wp-content/uploads/headshots/nba/latest/260x190/201937.png,https://www.worldometers.info//img/flags/small/tn_sp-flag.gif
Rodney McGruder,https://ak-static.cms.nba.com/wp-content/uploads/headshots/nba/latest/260x190/203585.png,https://www.worldometers.info//img/flags/small/tn_us-flag.gif
Romeo Langford,https://ak-static.cms.nba.com/wp-content/uploads/headshots/nba/latest/260x190/1629641.png,https://www.worldometers.info//img/flags/small/tn_us-flag.gif
Rudy Gay,https://ak-static.cms.nba.com/wp-content/uploads/headshots/nba/latest/260x190/200752.png,https://www.worldometers.info//img/flags/small/tn_us-flag.gif
Serge Ibaka,https://ak-static.cms.nba.com/wp-content/uploads/headshots/nba/latest/260x190/201586.png,
Stanley Johnson,https://ak-static.cms.nba.com/wp-content/uploads/headshots/nba/latest/260x190/1626169.png,https://www.worldometers.info//img/flags/small/tn_us-flag.gif
Sterling Brown,https://ak-static.cms.nba.com/wp-content/uploads/headshots/nba/latest/260x190/1628425.png,https://www.worldometers.info//img/flags/small/tn_us-flag.gif
Steven Adams,https://ak-static.cms.nba.com/wp-content/uploads/headshots/nba/latest/260x190/203500.png,https://www.worldometers.info//img/flags/small/tn_nz-flag.gif
Terence Davis,https://ak-static.cms.nba.com/wp-content/uploads/headshots/nba/latest/260x190/1629056.png,https://www.worldometers.info//img/flags/small/tn_us-flag.gif
Terrence Ross,https://ak-static.cms.nba.com/wp-content/uploads/headshots/nba/latest/260x190/203082.png,https://www.worldometers.info//img/flags/small/tn_us-flag.gif
Theo Pinson,https://ak-static.cms.nba.com/wp-content/uploads/headshots/nba/latest/260x190/1629033.png,https://www.worldometers.info//img/flags/small/tn_us-flag.gif
Tony Bradley,https://ak-static.cms.nba.com/wp-content/uploads/headshots/nba/latest/260x190/1628396.png,https://www.worldometers.info//img/flags/small/tn_us-flag.gif
Udonis Haslem,https://ak-static.cms.nba.com/wp-content/uploads/headshots/nba/latest/260x190/2617.png,https://www.worldometers.info//img/flags/small/tn_us-flag.gif
Vernon Carey Jr,https://ak-static.cms.nba.com/wp-content/uploads/headshots/nba/latest/260x190/1630176.png,https://www.worldometers.info//img/flags/small/tn_us-flag.gif
Victor Oladipo,https://ak-static.cms.nba.com/wp-content/uploads/headshots/nba/latest/260x190/203506.png,https://www.worldometers.info//img/flags/small/tn_us-flag.gif
Vlatko Cancar,https://ak-static.cms.nba.com/wp-content/uploads/headshots/nba/latest/260x190/1628427.png,https://www.worldometers.info//img/flags/small/tn_si-flag.gif
Will Barton,https://ak-static.cms.nba.com/wp-content/uploads/headshots/nba/latest/260x190/203115.png,https://www.worldometers.info//img/flags/small/tn_us-flag.gif
Willy Hernangomez,https://ak-static.cms.nba.com/wp-content/uploads/headshots/nba/latest/260x190/1626195.png,https://www.worldometers.info//img/flags/small/tn_sp-flag.gif
Xavier Sneed,https://ak-static.cms.nba.com/wp-content/uploads/headshots/nba/latest/260x190/1630270.png,https://www.worldometers.info//img/flags/small/tn_us-flag.gif
